관리기관명,소재지도로명주소,소재지지번주소,설치목적구분,카메라대수,카메라화소수,촬영방면정보,보관일수,설치년월,관리기관전화번호,위도,경도,데이터기준일자
서울특별시 금천구,서울특별시 금천구 독산로58가길 68,서울특별시 금천구 독산동 378-48,다목적,4,130,360도전방면,30,Feb-06,02-2627-1904,37.4649216,126.9069769,2019-08-26
서울특별시 금천구,서울특별시 금천구 독산로64길 70,서울특별시 금천구 독산동 377-5,다목적,4,200,360도전방면,30,Feb-06,02-2627-1904,37.466504,126.905941,2019-08-26
서울특별시 금천구,서울특별시 금천구 독산로68길 61,서울특별시 금천구 독산동 945-3,다목적,3,130,270도전방면,30,Feb-06,02-2627-1904,37.4670615,126.9049245,2019-08-26
서울특별시 금천구,서울특별시 금천구 독산로58길 42,서울특별시 금천구 독산동 379-3,다목적,1,200,360도전방면,30,Feb-06,02-2627-1904,37.4650051,126.9052925,2019-08-26
서울특별시 금천구,서울특별시 금천구 독산로60길 24,서울특별시 금천구 독산동 378-273,다목적,4,130,360도전방면,30,Feb-06,02-2627-1904,37.4647062,126.9042512,2019-08-26
서울특별시 금천구,서울특별시 금천구 독산로56길 18-4,서울특별시 금천구 독산동 378-460,다목적,3,130,270도전방면,30,Feb-06,02-2627-1904,37.4636914,126.9043282,2019-08-26
서울특별시 금천구,서울특별시 금천구 독산로68길 15,서울특별시 금천구 독산동 1038-16,다목적,3,130,270도전방면,30,Feb-06,02-2627-1904,37.466058,126.9026473,2019-08-26
서울특별시 금천구,서울특별시 금천구 독산로67길 19,서울특별시 금천구 독산동 1042-19,다목적,4,130,360도전방면,30,Feb-06,02-2627-1904,37.464831,126.9015277,2019-08-26
서울특별시 금천구,서울특별시 금천구 시흥대로94길 72,서울특별시 금천구 독산동 1062,다목적,3,130,270도전방면,30,Feb-06,02-2627-1904,37.4636142,126.9013451,2019-08-26
서울특별시 금천구,서울특별시 금천구 시흥대로100길 35,서울특별시 금천구 독산동 1052-13,다목적,2,200,360도전방면,30,Feb-06,02-2627-1904,37.4641416,126.8992518,2019-08-26
서울특별시 금천구,서울특별시 금천구 시흥대로84길 31,서울특별시 금천구 독산동 1069-15,다목적,4,200,360도전방면,30,Feb-06,02-2627-1904,37.4606985,126.901082,2019-08-26
서울특별시 금천구,서울특별시 금천구 시흥대로88길 21,서울특별시 금천구 독산동 1069,다목적,1,200,360도전방면,30,Feb-06,02-2627-1904,37.4611096,126.9002186,2019-08-26
서울특별시 금천구,서울특별시 금천구 독산로50길 141,서울특별시 금천구 시흥동 3-107,다목적,3,130,270도전방면,30,Feb-06,02-2627-1904,37.4622456,126.9119669,2019-08-26
서울특별시 금천구,서울특별시 금천구 독산로40길 78,서울특별시 금천구 시흥동 796-36,다목적,5,200,360도전방면,30,Feb-06,02-2627-1904,37.4613724,126.9086359,2019-08-26
서울특별시 금천구,서울특별시 금천구 독산로44다길 11,서울특별시 금천구 시흥동 791-21,다목적,1,200,360도전방면,30,Feb-06,02-2627-1904,37.461587,126.9063675,2019-08-26
서울특별시 금천구,,서울특별시 금천구 시흥동 805-54,다목적,3,130,270도전방면,30,Feb-06,02-2627-1904,37.460219,126.907247,2019-08-26
서울특별시 금천구,서울특별시 금천구 독산로50다길 29,서울특별시 금천구 시흥동 3-222,다목적,1,200,360도전방면,30,Feb-06,02-2627-1904,37.4610441,126.9107499,2019-08-26
서울특별시 금천구,서울특별시 금천구 독산로32가길 26,서울특별시 금천구 시흥동 811-6,다목적,1,200,360도전방면,30,Feb-06,02-2627-1904,37.4584004,126.9066536,2019-08-26
서울특별시 금천구,서울특별시 금천구 독산로32나길 36,서울특별시 금천구 시흥동 807-14,다목적,1,200,360도전방면,30,Feb-06,02-2627-1904,37.458659,126.9076713,2019-08-26
서울특별시 금천구,,서울특별시 금천구 시흥동 817,다목적,4,130,360도전방면,30,Feb-06,02-2627-1904,37.456286,126.906486,2019-08-26
서울특별시 금천구,서울특별시 금천구 독산로24길 14,서울특별시 금천구 시흥동 820-10,다목적,5,200,360도전방면,30,Feb-06,02-2627-1904,37.4549829,126.906697,2019-08-26
서울특별시 금천구,서울특별시 금천구 독산로24길 51,서울특별시 금천구 시흥동 169-29,다목적,1,200,360도전방면,30,Feb-06,02-2627-1904,37.4554279,126.9089009,2019-08-26
서울특별시 금천구,서울특별시 금천구 독산로24다길 22,서울특별시 금천구 시흥동 823,다목적,3,200,360도전방면,30,Feb-06,02-2627-1904,37.4541995,126.907411,2019-08-26
서울특별시 금천구,서울특별시 금천구 독산로20길 18,서울특별시 금천구 시흥동 834-26,다목적,1,200,360도전방면,30,Feb-06,02-2627-1904,37.452916,126.9079484,2019-08-26
서울특별시 금천구,서울특별시 금천구 독산로22길 49,서울특별시 금천구 시흥동 824-4,다목적,4,130,360도전방면,30,Feb-06,02-2627-1904,37.453222,126.9089502,2019-08-26
서울특별시 금천구,서울특별시 금천구 금하로21길 20,서울특별시 금천구 시흥동 832-14,다목적,1,200,360도전방면,30,Feb-06,02-2627-1904,37.4523569,126.9082956,2019-08-26
서울특별시 금천구,서울특별시 금천구 탑골로 15-5,서울특별시 금천구 시흥동 827-19,다목적,3,130,270도전방면,30,Feb-06,02-2627-1904,37.4519412,126.910699,2019-08-26
서울특별시 금천구,서울특별시 금천구 금하로23가길 25,서울특별시 금천구 시흥동 827-29,다목적,1,200,360도전방면,30,Feb-06,02-2627-1904,37.4517249,126.910138,2019-08-26
서울특별시 금천구,서울특별시 금천구 독산로22가길 6,서울특별시 금천구 시흥동 203-15,다목적,1,200,360도전방면,30,Feb-06,02-2627-1904,37.4529457,126.9106843,2019-08-26
서울특별시 금천구,서울특별시 금천구 은행나무로10길 6,서울특별시 금천구 시흥동 921-10,다목적,1,200,360도전방면,30,Feb-06,02-2627-1904,37.450526,126.906579,2019-08-26
서울특별시 금천구,서울특별시 금천구 독산로10길 37,서울특별시 금천구 시흥동 910-15,다목적,1,200,360도전방면,30,Feb-06,02-2627-1904,37.4502134,126.9080115,2019-08-26
서울특별시 금천구,서울특별시 금천구 독산로10길 56,서울특별시 금천구 시흥동 917-6,다목적,1,200,360도전방면,30,Feb-06,02-2627-1904,37.4500242,126.9089805,2019-08-26
서울특별시 금천구,서울특별시 금천구 금하로24길 40,서울특별시 금천구 시흥동 918-20,다목적,1,200,360도전방면,30,Feb-06,02-2627-1904,37.4491259,126.9082092,2019-08-26
서울특별시 금천구,서울특별시 금천구 독산로8길 37,서울특별시 금천구 시흥동 919-78,다목적,3,130,270도전방면,30,Feb-06,02-2627-1904,37.4487684,126.9074583,2019-08-26
서울특별시 금천구,서울특별시 금천구 금하로24길 82,서울특별시 금천구 시흥동 930,다목적,4,130,360도전방면,30,Feb-06,02-2627-1904,37.4473174,126.9090763,2019-08-26
서울특별시 금천구,서울특별시 금천구 벚꽃로56길 30,서울특별시 금천구 가산동 32-19,다목적,5,200,360도전방면,30,Mar-10,02-2627-1904,37.4845446,126.8824284,2019-08-26
서울특별시 금천구,서울특별시 금천구 가산로3길 113,서울특별시 금천구 독산동 335-14,다목적,6,200,360도전방면,30,Mar-10,02-2627-1904,37.4718207,126.8893761,2019-08-26
서울특별시 금천구,서울특별시 금천구 범안로14길 18,서울특별시 금천구 독산동 1006-181,다목적,4,200,360도전방면,30,Mar-10,02-2627-1904,37.4658676,126.892827,2019-08-26
서울특별시 금천구,서울특별시 금천구 독산로80길 35,서울특별시 금천구 독산동 181-46,다목적,6,200,360도전방면,30,Mar-10,02-2627-1904,37.4704649,126.904945,2019-08-26
서울특별시 금천구,서울특별시 금천구 독산로14길 3,서울특별시 금천구 시흥동 835-31,다목적,4,200,360도전방면,30,Mar-10,02-2627-1904,37.4523581,126.906962,2019-08-26
서울특별시 금천구,서울특별시 금천구 독산로70길 84,서울특별시 금천구 독산동 941,다목적,6,200,360도전방면,30,Mar-10,02-2627-1904,37.4677741,126.9060785,2019-08-26
서울특별시 금천구,서울특별시 금천구 시흥대로118길 23,서울특별시 금천구 독산동 1017-21,다목적,6,200,360도전방면,30,Mar-10,02-2627-1904,37.4683903,126.9000487,2019-08-26
서울특별시 금천구,서울특별시 금천구 시흥대로136길 24,서울특별시 금천구 독산동 161-1,다목적,5,200,360도전방면,30,Mar-10,02-2627-1904,37.472065,126.900464,2019-08-26
서울특별시 금천구,서울특별시 금천구 시흥대로150길 41,서울특별시 금천구 독산동 964-26,다목적,4,200,360도전방면,30,Mar-10,02-2627-1904,37.4761498,126.9010813,2019-08-26
서울특별시 금천구,서울특별시 금천구 독산로109길 26,서울특별시 금천구 독산동 952-27,다목적,6,200,360도전방면,30,Mar-10,02-2627-1904,37.4789226,126.9022822,2019-08-26
서울특별시 금천구,서울특별시 금천구 문성로1길 7,서울특별시 금천구 독산동 961-13,다목적,5,200,360도전방면,30,Mar-10,02-2627-1904,37.4770498,126.9042745,2019-08-26
서울특별시 금천구,,서울특별시 금천구 시흥동 3-17,다목적,6,200,360도전방면,30,Mar-10,02-2627-1904,37.46079,126.912246,2019-08-26
서울특별시 금천구,서울특별시 금천구 시흥대로90길 11,서울특별시 금천구 독산동 1059-8,다목적,6,200,360도전방면,30,Mar-10,02-2627-1904,37.4612232,126.8987757,2019-08-26
서울특별시 금천구,서울특별시 금천구 시흥대로84길 54,서울특별시 금천구 독산동 1073-28,다목적,4,200,360도전방면,30,Mar-10,02-2627-1904,37.461139,126.902053,2019-08-26
서울특별시 금천구,서울특별시 금천구 탑골로2길 55,서울특별시 금천구 시흥동 266-2746,다목적,4,200,360도전방면,30,Mar-10,02-2627-1904,37.4506162,126.9134904,2019-08-26
서울특별시 금천구,서울특별시 금천구 금하로 816,서울특별시 금천구 시흥동 1013,다목적,2,200,360도전방면,30,Mar-10,02-2627-1904,37.4482342,126.9186298,2019-08-26
서울특별시 금천구,서울특별시 금천구 시흥대로40다길 28,서울특별시 금천구 시흥동 933-22,다목적,4,200,360도전방면,30,Mar-10,02-2627-1904,37.4486109,126.9059146,2019-08-26
서울특별시 금천구,서울특별시 금천구 독산로4길 18,서울특별시 금천구 시흥동 935-81,다목적,5,200,360도전방면,30,Mar-10,02-2627-1904,37.4479648,126.9045474,2019-08-26
서울특별시 금천구,서울특별시 금천구 독산로32길 11,서울특별시 금천구 시흥동 813-44,다목적,6,200,360도전방면,30,Mar-10,02-2627-1904,37.4574568,126.9061485,2019-08-26
서울특별시 금천구,서울특별시 금천구 시흥대로80길 39,서울특별시 금천구 독산동 1075-56,다목적,6,200,360도전방면,30,Mar-10,02-2627-1904,37.4594147,126.901671,2019-08-26
서울특별시 금천구,서울특별시 금천구 독산로41길 7,서울특별시 금천구 시흥동 856,다목적,5,200,360도전방면,30,Mar-10,02-2627-1904,37.4597989,126.9043307,2019-08-26
서울특별시 금천구,서울특별시 금천구 독산로29길 10,서울특별시 금천구 시흥동 845-40,다목적,5,200,360도전방면,30,Mar-10,02-2627-1904,37.456205,126.9049495,2019-08-26
서울특별시 금천구,서울특별시 금천구 금하로9길 13,서울특별시 금천구 시흥동 879-5,다목적,4,200,360도전방면,30,Mar-10,02-2627-1904,37.4552897,126.9021518,2019-08-26
서울특별시 금천구,서울특별시 금천구 독산로3길 19,서울특별시 금천구 시흥동 905-23,다목적,6,200,360도전방면,30,Mar-10,02-2627-1904,37.449665,126.9039494,2019-08-26
서울특별시 금천구,서울특별시 금천구 시흥대로39길 52-11,서울특별시 금천구 시흥동 492-39,다목적,3,200,360도전방면,30,Mar-10,02-2627-1904,37.4471846,126.900488,2019-08-26
서울특별시 금천구,서울특별시 금천구 시흥대로2길 32,서울특별시 금천구 시흥동 977-3,다목적,5,200,360도전방면,30,Mar-10,02-2627-1904,37.4345646,126.9051541,2019-08-26
서울특별시 금천구,서울특별시 금천구 시흥대로2길 60,서울특별시 금천구 시흥동 973,다목적,4,200,360도전방면,30,Mar-10,02-2627-1904,37.4350043,126.9065172,2019-08-26
서울특별시 금천구,서울특별시 금천구 시흥대로2나길 28,서울특별시 금천구 시흥동 972,다목적,5,200,360도전방면,30,Mar-10,02-2627-1904,37.4359959,126.905213,2019-08-26
서울특별시 금천구,서울특별시 금천구 시흥대로56길 40,서울특별시 금천구 시흥동 892-12,다목적,5,200,360도전방면,30,Mar-10,02-2627-1904,37.4527834,126.9038431,2019-08-26
서울특별시 금천구,서울특별시 금천구 독산로44길 9,서울특별시 금천구 시흥동 789-62,다목적,5,200,360도전방면,30,Mar-10,02-2627-1904,37.460949,126.9052979,2019-08-26
서울특별시 금천구,서울특별시 금천구 시흥대로104길 13,서울특별시 금천구 독산동 1033-73,다목적,6,200,360도전방면,30,Mar-10,02-2627-1904,37.4647435,126.8985704,2019-08-26
서울특별시 금천구,서울특별시 금천구 독산로24다길 43,서울특별시 금천구 시흥동 822-39,다목적,4,200,360도전방면,30,Mar-10,02-2627-1904,37.454032,126.908549,2019-08-26
서울특별시 금천구,서울특별시 금천구 시흥대로110길 21,서울특별시 금천구 독산동 1025-21,다목적,6,200,360도전방면,30,Mar-10,02-2627-1904,37.4670965,126.8998675,2019-08-26
서울특별시 금천구,서울특별시 금천구 독산로99길 7,서울특별시 금천구 독산동 978,다목적,6,200,360도전방면,30,Mar-10,02-2627-1904,37.4748541,126.9028255,2019-08-26
서울특별시 금천구,,서울특별시 금천구 시흥동 899-14,다목적,4,200,360도전방면,30,Mar-10,02-2627-1904,37.450746,126.90533,2019-08-26
서울특별시 금천구,서울특별시 금천구 남부순환로122길 32,서울특별시 금천구 독산동 958-41,다목적,1,200,360도전방면,30,Dec-07,02-2627-1904,37.478029,126.9025419,2019-08-26
서울특별시 금천구,서울특별시 금천구 시흥대로150길 50-4,서울특별시 금천구 독산동 970-1,다목적,1,200,360도전방면,30,Dec-07,02-2627-1904,37.476199,126.9015765,2019-08-26
서울특별시 금천구,서울특별시 금천구 독산로93길 18,서울특별시 금천구 독산동 980-44,다목적,4,130,360도전방면,30,Dec-07,02-2627-1904,37.4740151,126.902233,2019-08-26
서울특별시 금천구,서울특별시 금천구 독산로281-24,서울특별시 금천구 독산동 178-17,다목적,1,200,360도전방면,30,Dec-07,02-2627-1904,37.471338,126.9025119,2019-08-26
서울특별시 금천구,서울특별시 금천구 문성로7길 32,서울특별시 금천구 독산동 882-1,다목적,1,200,360도전방면,30,Dec-07,02-2627-1904,37.47785,126.905796,2019-08-26
서울특별시 금천구,서울특별시 금천구 독산로92길 16,서울특별시 금천구 독산동 992,다목적,5,200,360도전방면,30,Dec-07,02-2627-1904,37.4737131,126.9042554,2019-08-26
서울특별시 금천구,서울특별시 금천구 독산로54길 237,서울특별시 금천구 독산동 994-20,다목적,1,200,360도전방면,30,Dec-07,02-2627-1904,37.4724983,126.9060842,2019-08-26
서울특별시 금천구,서울특별시 금천구 남부순환로128길 14,서울특별시 금천구 독산동 898-8,다목적,5,200,360도전방면,30,Dec-07,02-2627-1904,37.4795782,126.906995,2019-08-26
서울특별시 금천구,서울특별시 금천구 독산로80길 13,서울특별시 금천구 독산동 181-65,다목적,5,200,360도전방면,30,Dec-07,02-2627-1904,37.471126,126.9039335,2019-08-26
서울특별시 금천구,서울특별시 금천구 독산로70다길 64,서울특별시 금천구 독산동 919,다목적,5,200,360도전방면,30,Dec-07,02-2627-1904,37.4687779,126.906178,2019-08-26
서울특별시 금천구,서울특별시 금천구 독산로70라길 14,서울특별시 금천구 독산동 932-5,다목적,4,200,360도전방면,30,Dec-07,02-2627-1904,37.4676325,126.9048981,2019-08-26
서울특별시 금천구,서울특별시 금천구 독산로75길 12-7,서울특별시 금천구 독산동 196-8,다목적,2,200,360도전방면,30,Dec-07,02-2627-1904,37.469427,126.9015551,2019-08-26
서울특별시 금천구,서울특별시 금천구 시흥대로128길 34,서울특별시 금천구 독산동 284-4,다목적,1,200,360도전방면,30,Dec-07,02-2627-1904,37.4700958,126.9001333,2019-08-26
서울특별시 금천구,서울특별시 금천구 가산로5길 43,서울특별시 금천구 가산동 235-3,다목적,2,200,360도전방면,30,Nov-08,02-2627-1904,37.4734504,126.8921274,2019-08-26
서울특별시 금천구,서울특별시 금천구 남부순환로112길 42,서울특별시 금천구 가산동 146-28,다목적,4,200,360도전방면,30,Nov-08,02-2627-1904,37.477454,126.8936014,2019-08-26
서울특별시 금천구,서울특별시 금천구 벚꽃로48길 7,서울특별시 금천구 가산동 32-80,다목적,3,130,270도전방면,30,Nov-08,02-2627-1904,37.483804,126.8824571,2019-08-26
서울특별시 금천구,서울특별시 금천구 시흥대로123길 66,서울특별시 금천구 독산동 296-2,다목적,5,200,360도전방면,30,Nov-08,02-2627-1904,37.4721877,126.8952629,2019-08-26
서울특별시 금천구,서울특별시 금천구 시흥대로457,서울특별시 금천구 독산동 150-1,다목적,4,130,360도전방면,30,Nov-08,02-2627-1904,37.4744183,126.8978292,2019-08-26
서울특별시 금천구,서울특별시 금천구 가산디지털2로 98,서울특별시 금천구 가산동 550-1,다목적,2,130,180도전방면,30,Nov-08,02-2627-1904,37.4768505,126.8811806,2019-08-26
서울특별시 금천구,서울특별시 금천구 벚꽃로10길 94,서울특별시 금천구 독산동 1010,다목적,2,200,360도전방면,30,Nov-08,02-2627-1904,37.4645705,126.8952857,2019-08-26
서울특별시 금천구,서울특별시 금천구 범안로1172,서울특별시 금천구 독산동 1006,다목적,5,200,360도전방면,30,Nov-08,02-2627-1904,37.4663281,126.8919793,2019-08-26
서울특별시 금천구,서울특별시 금천구 금하로1마길 15-5,서울특별시 금천구 독산동 1114-1,다목적,2,200,360도전방면,30,Nov-08,02-2627-1904,37.4527718,126.8899562,2019-08-26
서울특별시 금천구,서울특별시 금천구 벚꽃로46나길 23,서울특별시 금천구 가산동 34-29,다목적,5,200,360도전방면,30,Nov-08,02-2627-1904,37.4838339,126.883324,2019-08-26
서울특별시 금천구,서울특별시 금천구 범안로15길 52,서울특별시 금천구 독산동 330-39,다목적,2,200,360도전방면,30,Nov-08,02-2627-1904,37.4686247,126.8925378,2019-08-26
서울특별시 금천구,서울특별시 금천구 탑골로10길 3,서울특별시 금천구 시흥동 237-5,다목적,3,200,360도전방면,30,Nov-08,02-2627-1904,37.4518415,126.9146538,2019-08-26
서울특별시 금천구,서울특별시 금천구 금하로29길 15,서울특별시 금천구 시흥동 263-11,다목적,2,200,360도전방면,30,Nov-08,02-2627-1904,37.4507428,126.9124556,2019-08-26
서울특별시 금천구,서울특별시 금천구 남부순환로130길 36,서울특별시 금천구 독산동 903-25,다목적,2,200,360도전방면,30,Dec-08,02-2627-1904,37.4788351,126.9082995,2019-08-26
서울특별시 금천구,서울특별시 금천구 시흥대로39길 52,서울특별시 금천구 시흥동 492-52,다목적,2,200,360도전방면,30,Feb-12,02-2627-1904,37.446713,126.900539,2019-08-26
서울특별시 금천구,서울특별시 금천구 시흥대로73길 70,서울특별시 금천구 시흥동 1020,다목적,6,200,360도전방면,30,Feb-12,02-2627-1904,37.4567667,126.8954005,2019-08-26
서울특별시 금천구,서울특별시 금천구 범안로16길 24-26,서울특별시 금천구 독산동 1006-66,다목적,2,200,360도전방면,30,Feb-12,02-2627-1904,37.465671,126.894447,2019-08-26
서울특별시 금천구,서울특별시 금천구 벚꽃로46길 20,서울특별시 금천구 가산동 38-12,다목적,4,200,360도전방면,30,Feb-12,02-2627-1904,37.482931,126.8836347,2019-08-26
서울특별시 금천구,서울특별시 금천구 금하로674,서울특별시 금천구 시흥동 894,다목적,4,200,360도전방면,30,Aug-12,02-2627-1904,37.4525091,126.9051627,2019-08-26
서울특별시 금천구,서울특별시 금천구 두산로3길 49,서울특별시 금천구 가산동 238-3,다목적,4,200,360도전방면,30,Nov-12,02-2627-1904,37.4726442,126.8886935,2019-08-26
서울특별시 금천구,서울특별시 금천구 금하로1라길 33,서울특별시 금천구 독산동 1109-1,다목적,6,200,360도전방면,30,Nov-12,02-2627-1904,37.4536035,126.8904412,2019-08-26
서울특별시 금천구,서울특별시 금천구 시흥대로94길 20,서울특별시 금천구 독산동 1060-31,다목적,5,200,360도전방면,30,Nov-12,02-2627-1904,37.4621505,126.899091,2019-08-26
서울특별시 금천구,서울특별시 금천구 독산로103길 14,서울특별시 금천구 독산동 963-6,다목적,6,200,360도전방면,30,Nov-12,02-2627-1904,37.476514,126.9027108,2019-08-26
서울특별시 금천구,서울특별시 금천구 남부순환로120길 17-21,서울특별시 금천구 독산동 958-35,다목적,4,200,360도전방면,30,Nov-12,02-2627-1904,37.477763,126.901704,2019-08-26
서울특별시 금천구,서울특별시 금천구 독산로72길 10,서울특별시 금천구 독산동 1022-19,다목적,5,200,360도전방면,30,Nov-12,02-2627-1904,37.467793,126.9026745,2019-08-26
서울특별시 금천구,서울특별시 금천구 독산로70다길 16,서울특별시 금천구 독산동 926,다목적,4,200,360도전방면,30,Nov-12,02-2627-1904,37.4677326,126.9040375,2019-08-26
서울특별시 금천구,서울특별시 금천구 금하로 639-1,서울특별시 금천구 시흥동 879-109,다목적,3,200,360도전방면,30,Nov-12,02-2627-1904,37.454678,126.9023457,2019-08-26
서울특별시 금천구,서울특별시 금천구 독산로21길 5,서울특별시 금천구 시흥동 838-1,다목적,5,200,360도전방면,30,Nov-12,02-2627-1904,37.4535505,126.9056335,2019-08-26
서울특별시 금천구,서울특별시 금천구 독산로36길 95,서울특별시 금천구 시흥동 797-11,다목적,4,200,360도전방면,30,Nov-12,02-2627-1904,37.4611349,126.909582,2019-08-26
서울특별시 금천구,서울특별시 금천구 시흥대로116길 2,서울특별시 금천구 독산동 1015-17,다목적,5,200,360도전방면,30,Nov-12,02-2627-1904,37.468028,126.8988772,2019-08-26
서울특별시 금천구,서울특별시 금천구 시흥대로74길 35,서울특별시 금천구 시흥동 868-67,다목적,5,200,360도전방면,30,Jun-09,02-2627-1904,37.4579248,126.9020014,2019-08-26
서울특별시 금천구,서울특별시 금천구 독산로43가길 17,서울특별시 금천구 시흥동 865,다목적,5,200,360도전방면,30,Jun-09,02-2627-1904,37.460246,126.903336,2019-08-26
서울특별시 금천구,서울특별시 금천구 독산로33길 40,서울특별시 금천구 시흥동 874-23,다목적,5,200,360도전방면,30,Jun-09,02-2627-1904,37.456748,126.9033034,2019-08-26
서울특별시 금천구,서울특별시 금천구 독산로5길 24,서울특별시 금천구 시흥동 907-36,다목적,4,200,360도전방면,30,Jun-09,02-2627-1904,37.450013,126.9046104,2019-08-26
서울특별시 금천구,서울특별시 금천구 탑골로73,서울특별시 금천구 시흥동 230-67,다목적,2,200,360도전방면,30,Jun-09,02-2627-1904,37.4529552,126.916792,2019-08-26
서울특별시 금천구,서울특별시 금천구 시흥대로 12길 72,서울특별시 금천구 시흥동 655-5,다목적,3,130,270도전방면,30,Feb-13,02-2627-1904,37.4395094,126.9066889,2019-08-26
서울특별시 금천구,서울특별시 금천구 시흥대로12길 45,서울특별시 금천구 시흥동 960-5,다목적,4,130,360도전방면,30,Feb-13,02-2627-1904,37.439319,126.905771,2019-08-26
서울특별시 금천구,서울특별시 금천구 시흥대로149길 60,서울특별시 금천구 가산동 149-19,다목적,4,130,360도전방면,30,Oct-13,02-2627-1904,37.4749398,126.8947193,2019-08-26
서울특별시 금천구,서울특별시 금천구 남부순환로 108길 20,서울특별시 금천구 가산동 142-9,다목적,3,130,270도전방면,30,Oct-13,02-2627-1904,37.4780539,126.892147,2019-08-26
서울특별시 금천구,서울특별시 금천구 범안로17길 17-5,서울특별시 금천구 독산동 331-33,다목적,3,130,270도전방면,30,Oct-13,02-2627-1904,37.467298,126.8940391,2019-08-26
서울특별시 금천구,서울특별시 금천구 금하로 1길 5,서울특별시 금천구 독산동 1125,다목적,3,130,270도전방면,30,Oct-13,02-2627-1904,37.4521534,126.8923309,2019-08-26
서울특별시 금천구,서울특별시 금천구 시흥대로 343,서울특별시 금천구 독산동 1009-73,다목적,3,130,270도전방면,30,Oct-13,02-2627-1904,37.464213,126.8971448,2019-08-26
서울특별시 금천구,서울특별시 금천구 시흥대로 82길 11,서울특별시 금천구 독산동 1076-16,다목적,4,130,360도전방면,30,Oct-13,02-2627-1904,37.459551,126.9003281,2019-08-26
서울특별시 금천구,서울특별시 금천구 독산로64가길 4-12,서울특별시 금천구 독산동 1040-46,다목적,3,130,270도전방면,30,Oct-13,02-2627-1904,37.4658086,126.9036191,2019-08-26
서울특별시 금천구,서울특별시 금천구 시흥대로138길 36,서울특별시 금천구 독산동 160-5,다목적,4,130,360도전방면,30,Oct-13,02-2627-1904,37.4724689,126.9004852,2019-08-26
서울특별시 금천구,서울특별시 금천구 독산로95길 30,서울특별시 금천구 독산동 979-48,다목적,2,130,180도전방면,30,Oct-13,02-2627-1904,37.474539,126.9009157,2019-08-26
서울특별시 금천구,서울특별시 금천구 독산로75길 40,서울특별시 금천구 독산동 196-22,다목적,4,130,360도전방면,30,Oct-13,02-2627-1904,37.46927,126.9002788,2019-08-26
서울특별시 금천구,서울특별시 금천구 독산로 72길 50,서울특별시 금천구 독산동 910-6,다목적,4,130,360도전방면,30,Oct-13,02-2627-1904,37.4682942,126.9045425,2019-08-26
서울특별시 금천구,서울특별시 금천구 금하로 631-6,서울특별시 금천구 시흥동 879-16,다목적,3,130,270도전방면,30,Oct-13,02-2627-1904,37.4551092,126.901404,2019-08-26
서울특별시 금천구,서울특별시 금천구 독산로45길 9,서울특별시 금천구 시흥동 860-53,다목적,4,130,360도전방면,30,Oct-13,02-2627-1904,37.4613314,126.9040122,2019-08-26
서울특별시 금천구,서울특별시 금천구 탑골로65,서울특별시 금천구 시흥동 230-84,다목적,2,130,180도전방면,30,Oct-13,02-2627-1904,37.4524024,126.9161658,2019-08-26
서울특별시 금천구,서울특별시 금천구 탑골로11길 17,서울특별시 금천구 시흥동 230-31,다목적,2,130,180도전방면,30,Oct-13,02-2627-1904,37.4528486,126.9156937,2019-08-26
서울특별시 금천구,서울특별시 금천구 시흥대로 133-1,서울특별시 금천구 시흥동 985-22,다목적,2,130,180도전방면,30,Oct-13,02-2627-1904,37.4459322,126.9032029,2019-08-26
서울특별시 금천구,서울특별시 금천구 시흥대로38길 7-6,서울특별시 금천구 시흥동 939-12,다목적,2,130,180도전방면,30,Oct-13,02-2627-1904,37.444148,126.9044654,2019-08-26
서울특별시 금천구,서울특별시 금천구 독산로40길 10,서울특별시 금천구 시흥동 803,다목적,4,130,360도전방면,30,Oct-13,02-2627-1904,37.4597476,126.9054991,2019-08-26
서울특별시 금천구,서울특별시 금천구 독산로36길 96-13,서울특별시 금천구 시흥동 4-33,다목적,3,130,270도전방면,30,Oct-13,02-2627-1904,37.4605601,126.9093678,2019-08-26
서울특별시 금천구,서울특별시 금천구 시흥대로40길 111-11,서울특별시 금천구 시흥동 420-1,다목적,3,130,270도전방면,30,Oct-13,02-2627-1904,37.4465322,126.908511,2019-08-26
서울특별시 금천구,서울특별시 금천구 탑골로4길 18-16,서울특별시 금천구 시흥동 244-35,다목적,3,130,270도전방면,30,Oct-13,02-2627-1904,37.451249,126.9123028,2019-08-26
서울특별시 금천구,서울특별시 금천구 시흥대로134길 27,서울특별시 금천구 독산동 164-46,다목적,1,200,360도전방면,30,Oct-17,02-2627-1904,37.4717514,126.9006506,2019-08-26
서울특별시 금천구,서울특별시 금천구 독산로 288,서울특별시 금천구 독산동 991-18,다목적,2,200,360도전방면,30,Mar-18,02-2627-1904,37.472403,126.9033882,2019-08-26
서울특별시 금천구,서울특별시 금천구 문성로3길 92,서울특별시 금천구 독산동 906-6,다목적,1,200,360도전방면,30,Dec-13,02-2627-1904,37.4773797,126.909469,2019-08-26
서울특별시 금천구,서울특별시 금천구 독산로102길 9,서울특별시 금천구 독산동 974-3,다목적,1,200,360도전방면,30,Apr-18,02-2627-1904,37.4758277,126.9041477,2019-08-26
서울특별시 금천구,서울특별시 금천구 문성로 22,서울특별시 금천구 독산동 890-1,다목적,1,200,360도전방면,30,Dec-13,02-2627-1904,37.4763386,126.906005,2019-08-26
서울특별시 금천구,서울특별시 금천구 독산로47길 30,서울특별시 금천구 독산동 1045-12,다목적,1,200,360도전방면,30,Dec-13,02-2627-1904,37.462254,126.9026111,2019-08-26
서울특별시 금천구,서울특별시 금천구 시흥대로76길 9,서울특별시 금천구 독산동 1077-36,다목적,2,200,360도전방면,30,Mar-18,02-2627-1904,37.458121,126.8999545,2019-08-26
서울특별시 금천구,서울특별시 금천구 금하로 728-13,서울특별시 금천구 시흥동 271-16,다목적,1,200,360도전방면,30,Dec-13,02-2627-1904,37.4502555,126.910854,2019-08-26
서울특별시 금천구,서울특별시 금천구 독산로22길 7-2,서울특별시 금천구 시흥동 820-44,다목적,1,200,360도전방면,30,Apr-18,02-2627-1904,37.453883,126.9067231,2019-08-26
서울특별시 금천구,서울특별시 금천구 탑골로3길 5,서울특별시 금천구 시흥동 220-64,다목적,1,200,360도전방면,30,Dec-13,02-2627-1904,37.4522732,126.9113236,2019-08-26
서울특별시 금천구,서울특별시 금천구 시흥대로50길 31-8,서울특별시 금천구 시흥동 892-63,다목적,1,200,360도전방면,30,Dec-13,02-2627-1904,37.4519977,126.9038455,2019-08-26
서울특별시 금천구,서울특별시 금천구 시흥대로62가길 23,서울특별시 금천구 시흥동 877-2,다목적,1,200,360도전방면,30,Dec-13,02-2627-1904,37.455546,126.902896,2019-08-26
서울특별시 금천구,서울특별시 금천구 시흥대로50길 10,서울특별시 금천구 시흥동 903-11,다목적,1,200,360도전방면,30,Apr-18,02-2627-1904,37.4512088,126.9026263,2019-08-26
서울특별시 금천구,서울특별시 금천구 독산로33길 34-8,서울특별시 금천구 시흥동 851-36,다목적,1,200,360도전방면,30,Dec-13,02-2627-1904,37.457103,126.903371,2019-08-26
서울특별시 금천구,서울특별시 금천구 독산로70다길 38,서울특별시 금천구 독산동 923-2,다목적,2,200,360도전방면,30,Mar-18,02-2627-1904,37.468188,126.9049933,2019-08-26
서울특별시 금천구,서울특별시 금천구 시흥대로36길 18-11,서울특별시 금천구 시흥동 944-9,다목적,1,200,360도전방면,30,Dec-13,02-2627-1904,37.443604,126.9055585,2019-08-26
서울특별시 금천구,서울특별시 금천구 시흥대로105길 8,서울특별시 금천구 독산동 1008-12,다목적,1,200,360도전방면,30,Dec-13,02-2627-1904,37.4652168,126.8968633,2019-08-26
서울특별시 금천구,서울특별시 금천구 시흥대로141길 73,서울특별시 금천구 독산동 144-9,다목적,3,200,360도전방면,30,Dec-13,02-2627-1904,37.476138,126.8974502,2019-08-26
서울특별시 금천구,서울특별시 금천구 벚꽃로38길 5,서울특별시 금천구 가산동 43-1,다목적,1,200,360도전방면,30,Dec-13,02-2627-1904,37.4818785,126.8832991,2019-08-26
서울특별시 금천구,서울특별시 금천구 가산로 147-7,서울특별시 금천구 가산동 143-11,다목적,1,200,360도전방면,30,Dec-13,02-2627-1904,37.478008,126.8903915,2019-08-26
서울특별시 금천구,서울특별시 금천구 가산로5길 77,서울특별시 금천구 가산동 237-26,다목적,1,200,360도전방면,30,Dec-13,02-2627-1904,37.4736969,126.890442,2019-08-26
서울특별시 금천구,서울특별시 금천구 가산로7길 103,서울특별시 금천구 가산동 238-118,다목적,1,200,360도전방면,30,Dec-13,02-2627-1904,37.4726618,126.8883642,2019-08-26
서울특별시 금천구,서울특별시 금천구 시흥대로 440,서울특별시 금천구 독산동 983-13,다목적,4,130,360도전방면,30,Jan-14,02-2627-1904,37.4728558,126.8988832,2019-08-26
서울특별시 금천구,서울특별시 금천구 독산로 84길 32,서울특별시 금천구 독산동 180-6,다목적,1,200,360도전방면,30,Sep-14,02-2627-1904,37.472008,126.9049982,2019-08-26
서울특별시 금천구,서울특별시 금천구 독산로 80길 23-4,서울특별시 금천구 독산동 181-52,다목적,1,200,360도전방면,30,Sep-14,02-2627-1904,37.4708141,126.9047036,2019-08-26
서울특별시 금천구,서울특별시 금천구 시흥대로 37길 10,서울특별시 금천구 시흥동 791-40,다목적,1,200,360도전방면,30,Sep-14,02-2627-1904,37.4456743,126.902908,2019-08-26
서울특별시 금천구,서울특별시 금천구 시흥대로 40길 167,서울특별시 금천구 시흥동 411-17,다목적,3,200,360도전방면,30,Feb-15,02-2627-1904,37.447718,126.9111204,2019-08-26
서울특별시 금천구,서울특별시 금천구 탑골로 2길 49,서울특별시 금천구 시흥동 243-22,다목적,1,200,360도전방면,30,Apr-15,02-2627-1904,37.450799,126.91307,2019-08-26
서울특별시 금천구,,서울특별시 금천구 시흥동 917-5,다목적,1,200,360도전방면,30,Apr-15,02-2627-1904,37.449799,126.908864,2019-08-26
서울특별시 금천구,서울특별시 금천구 남부순환로112길 1-20,서울특별시 금천구 가산동 147-50,다목적,2,200,360도전방면,30,Nov-14,02-2627-1904,37.4774037,126.8956384,2019-08-26
서울특별시 금천구,서울특별시 금천구 가산디지털2로 127-137,서울특별시 금천구 가산동 547-88,다목적,4,200,360도전방면,30,Nov-14,02-2627-1904,37.4786174,126.8771836,2019-08-26
서울특별시 금천구,서울특별시 금천구 시흥대로153길 72,서울특별시 금천구 가산동 151-9,다목적,5,200,360도전방면,30,Nov-14,02-2627-1904,37.4767526,126.894493,2019-08-26
서울특별시 금천구,서울특별시 금천구 벚꽃로26길 6,서울특별시 금천구 가산동 238-78,다목적,1,200,360도전방면,30,Nov-14,02-2627-1904,37.4733717,126.8870118,2019-08-26
서울특별시 금천구,서울특별시 금천구 벚꽃로 56길 26,서울특별시 금천구 가산동 7-12,다목적,4,200,360도전방면,30,Nov-14,02-2627-1904,37.4846644,126.882233,2019-08-26
서울특별시 금천구,서울특별시 금천구 남부순환로112길 9,서울특별시 금천구 가산동 147-23,다목적,4,200,360도전방면,30,Nov-14,02-2627-1904,37.477998,126.8952045,2019-08-26
서울특별시 금천구,서울특별시 금천구 범안로 1209,서울특별시 금천구 독산동 293-5,다목적,1,200,360도전방면,30,Nov-14,02-2627-1904,37.4667856,126.8962852,2019-08-26
서울특별시 금천구,서울특별시 금천구 시흥대로151길 32,서울특별시 금천구 독산동 144-43,다목적,5,200,360도전방면,30,Nov-14,02-2627-1904,37.4758564,126.8967759,2019-08-26
서울특별시 금천구,서울특별시 금천구 금하로1다길 24,서울특별시 금천구 독산동 1107-6,다목적,5,200,360도전방면,30,Nov-14,02-2627-1904,37.4533469,126.891226,2019-08-26
서울특별시 금천구,서울특별시 금천구 금하로1길 35,서울특별시 금천구 독산동 1119-1,다목적,3,200,360도전방면,30,Nov-14,02-2627-1904,37.45327,126.891799,2019-08-26
서울특별시 금천구,서울특별시 금천구 금하로1길 70,서울특별시 금천구 독산동 1097,다목적,4,200,360도전방면,30,Nov-14,02-2627-1904,37.454583,126.8908314,2019-08-26
서울특별시 금천구,서울특별시 금천구 두산로70,서울특별시 금천구 독산동 291-1,다목적,4,200,360도전방면,30,Nov-14,02-2627-1904,37.468758,126.8957091,2019-08-26
서울특별시 금천구,서울특별시 금천구 시흥대로145길 19,서울특별시 금천구 독산동 148-12,다목적,3,200,360도전방면,30,Nov-14,02-2627-1904,37.4735773,126.8954799,2019-08-26
서울특별시 금천구,서울특별시 금천구 독산로 211-8,서울특별시 금천구 독산동 1037-29,다목적,1,200,360도전방면,30,Nov-14,02-2627-1904,37.4654529,126.901683,2019-08-26
서울특별시 금천구,서울특별시 금천구 시흥대로106길 11,서울특별시 금천구 독산동 1032-25,다목적,5,200,360도전방면,30,Nov-14,02-2627-1904,37.4659451,126.8992107,2019-08-26
서울특별시 금천구,서울특별시 금천구 시흥대로96길 17,서울특별시 금천구 독산동 1057-41,다목적,4,200,360도전방면,30,Nov-14,02-2627-1904,37.4630731,126.8992607,2019-08-26
서울특별시 금천구,서울특별시 금천구 독산로51길 12,서울특별시 금천구 독산동 1043-48,다목적,3,200,360도전방면,30,Nov-14,02-2627-1904,37.4629205,126.9033029,2019-08-26
서울특별시 금천구,서울특별시 금천구 독산로 281-6,서울특별시 금천구 독산동 178-25,다목적,1,200,360도전방면,30,Nov-14,02-2627-1904,37.471861,126.902699,2019-08-26
서울특별시 금천구,서울특별시 금천구 남부순환로126길 51,서울특별시 금천구 독산동 895-1,다목적,5,200,360도전방면,30,Nov-14,02-2627-1904,37.4780402,126.9071137,2019-08-26
서울특별시 금천구,서울특별시 금천구 독산로106길 16,서울특별시 금천구 독산동 885-1,다목적,5,200,360도전방면,30,Nov-14,02-2627-1904,37.4778786,126.9046936,2019-08-26
서울특별시 금천구,서울특별시 금천구 시흥대로148길 27-10,서울특별시 금천구 독산동 969-15,다목적,1,200,360도전방면,30,Nov-14,02-2627-1904,37.475383,126.900501,2019-08-26
서울특별시 금천구,서울특별시 금천구 독산로99길 20-3,서울특별시 금천구 독산동 972-16,다목적,3,200,360도전방면,30,Nov-14,02-2627-1904,37.4751743,126.9021911,2019-08-26
서울특별시 금천구,서울특별시 금천구 독산로96길 27,서울특별시 금천구 독산동 234-21,다목적,5,200,360도전방면,30,Nov-14,02-2627-1904,37.4750315,126.9051519,2019-08-26
서울특별시 금천구,서울특별시 금천구 독산로78길 19,서울특별시 금천구 독산동 189-41,다목적,4,200,360도전방면,30,Nov-14,02-2627-1904,37.4696413,126.90377,2019-08-26
서울특별시 금천구,서울특별시 금천구 독산로73길 13,서울특별시 금천구 독산동 1024-9,다목적,5,200,360도전방면,30,Nov-14,02-2627-1904,37.467791,126.9010841,2019-08-26
서울특별시 금천구,서울특별시 금천구 시흥대로130길 26,서울특별시 금천구 독산동 198-2,다목적,5,200,360도전방면,30,Nov-14,02-2627-1904,37.4706432,126.9004712,2019-08-26
서울특별시 금천구,서울특별시 금천구 독산로35길 15,서울특별시 금천구 시흥동 851-26,다목적,4,200,360도전방면,30,Nov-14,02-2627-1904,37.458035,126.9041396,2019-08-26
서울특별시 금천구,서울특별시 금천구 시흥대로68길 90,서울특별시 금천구 시흥동 855-18,다목적,3,200,360도전방면,30,Nov-14,02-2627-1904,37.4586314,126.9036707,2019-08-26
서울특별시 금천구,서울특별시 금천구 시흥대로71길 49,서울특별시 금천구 시흥동 999-36,다목적,4,200,360도전방면,30,Nov-14,02-2627-1904,37.4548588,126.8998083,2019-08-26
서울특별시 금천구,서울특별시 금천구 시흥대로64길 13,서울특별시 금천구 시흥동 882-41,다목적,6,200,360도전방면,30,Nov-14,02-2627-1904,37.4556877,126.900988,2019-08-26
서울특별시 금천구,서울특별시 금천구 독산로45나길 7,서울특별시 금천구 시흥동 861-58,다목적,5,200,360도전방면,30,Nov-14,02-2627-1904,37.4609402,126.9030289,2019-08-26
서울특별시 금천구,서울특별시 금천구 독산로35길 43,서울특별시 금천구 시흥동 867-16,다목적,5,200,360도전방면,30,Nov-14,02-2627-1904,37.458798,126.9028714,2019-08-26
서울특별시 금천구,서울특별시 금천구 탑골로 79,서울특별시 금천구 시흥동 232,다목적,3,200,360도전방면,30,Nov-14,02-2627-1904,37.4533772,126.9172345,2019-08-26
서울특별시 금천구,서울특별시 금천구 탑골로 60,서울특별시 금천구 시흥동 237-1,다목적,4,200,360도전방면,30,Nov-14,02-2627-1904,37.452257,126.915631,2019-08-26
서울특별시 금천구,서울특별시 금천구 금하로 816,서울특별시 금천구 시흥동 1013,다목적,5,200,360도전방면,30,Nov-14,02-2627-1904,37.4482342,126.9186298,2019-08-26
서울특별시 금천구,서울특별시 금천구 시흥대로 126,서울특별시 금천구 시흥동 937-13,다목적,1,200,360도전방면,30,Nov-14,02-2627-1904,37.445228,126.9043357,2019-08-26
서울특별시 금천구,서울특별시 금천구 시흥대로2길 8-63,서울특별시 금천구 시흥동 978-6,다목적,4,200,360도전방면,30,Nov-14,02-2627-1904,37.4342512,126.9041993,2019-08-26
서울특별시 금천구,서울특별시 금천구 시흥대로 53,서울특별시 금천구 시흥동 982,다목적,3,200,360도전방면,30,Nov-14,02-2627-1904,37.4394521,126.901973,2019-08-26
서울특별시 금천구,서울특별시 금천구 독산로28나길 13,서울특별시 금천구 시흥동 815-28,다목적,4,200,360도전방면,30,Nov-14,02-2627-1904,37.456946,126.9068574,2019-08-26
서울특별시 금천구,서울특별시 금천구 독산로50라길 18,서울특별시 금천구 시흥동 3-91,다목적,5,200,360도전방면,30,Nov-14,02-2627-1904,37.4614182,126.9115584,2019-08-26
서울특별시 금천구,서울특별시 금천구 독산로50다길 9,서울특별시 금천구 시흥동 3-69,다목적,4,200,360도전방면,30,Nov-14,02-2627-1904,37.461824,126.9106251,2019-08-26
서울특별시 금천구,서울특별시 금천구 독산로28길 32,서울특별시 금천구 시흥동 817-20,다목적,5,200,360도전방면,30,Nov-14,02-2627-1904,37.4562829,126.907618,2019-08-26
서울특별시 금천구,서울특별시 금천구 금하로23라길 17,서울특별시 금천구 시흥동 208-1,다목적,1,200,360도전방면,30,Nov-14,02-2627-1904,37.4538569,126.9101206,2019-08-26
서울특별시 금천구,서울특별시 금천구 독산로8길 13,서울특별시 금천구 시흥동 919-43,다목적,5,200,360도전방면,30,Nov-14,02-2627-1904,37.449462,126.9063968,2019-08-26
서울특별시 금천구,서울특별시 금천구 시흥대로40라길 15,서울특별시 금천구 시흥동 933-51,다목적,5,200,360도전방면,30,Nov-14,02-2627-1904,37.4479709,126.906895,2019-08-26
서울특별시 금천구,서울특별시 금천구 남부순환로108길 11-6,서울특별시 금천구 가산동 145-2,다목적,3,200,360도전방면,30,Nov-14,02-2627-1904,37.477935,126.8926508,2019-08-26
서울특별시 금천구,서울특별시 금천구 시흥대로105길 29,서울특별시 금천구 독산동 1009-100,다목적,3,200,360도전방면,30,Nov-14,02-2627-1904,37.465076,126.8957768,2019-08-26
서울특별시 금천구,서울특별시 금천구 벚꽃로44길 9,서울특별시 금천구 가산동 39-3,다목적,4,200,360도전방면,30,Feb-13,02-2627-1904,37.4826143,126.883169,2019-08-26
서울특별시 금천구,서울특별시 금천구 시흥대로151길 46,서울특별시 금천구 독산동 144-30,다목적,5,200,360도전방면,30,Feb-13,02-2627-1904,37.4764818,126.8965824,2019-08-26
서울특별시 금천구,서울특별시 금천구 독산로 107길 13,서울특별시 금천구 독산동 964,다목적,4,200,360도전방면,30,Feb-13,02-2627-1904,37.4778365,126.9027254,2019-08-26
서울특별시 금천구,서울특별시 금천구 독산로31길 13,서울특별시 금천구 시흥동 845-24,다목적,4,200,360도전방면,30,Feb-13,02-2627-1904,37.456491,126.9043132,2019-08-26
서울특별시 금천구,서울특별시 금천구 시흥대로100길 9,서울특별시 금천구 독산동 1054-38,다목적,6,200,360도전방면,30,Aug-16,02-2627-1904,37.463401,126.8981831,2019-08-26
서울특별시 금천구,서울특별시 금천구 독산로52길 8,서울특별시 금천구 독산동 378-437,다목적,6,200,360도전방면,30,Aug-16,02-2627-1904,37.4630736,126.9045554,2019-08-26
서울특별시 금천구,서울특별시 금천구 독산로64다길 20,서울특별시 금천구 독산동 1039-2,다목적,6,200,360도전방면,30,Aug-16,02-2627-1904,37.4665495,126.9040299,2019-08-26
서울특별시 금천구,서울특별시 금천구 문성로5길 44,서울특별시 금천구 독산동 880-1,다목적,5,200,360도전방면,30,Aug-16,02-2627-1904,37.4788267,126.9052469,2019-08-26
서울특별시 금천구,서울특별시 금천구 남부순환로132길 13,서울특별시 금천구 독산동 47-35,다목적,6,200,360도전방면,30,Aug-16,02-2627-1904,37.4798714,126.9083059,2019-08-26
서울특별시 금천구,서울특별시 금천구 시흥대로47길 28-6,서울특별시 금천구 시흥동 990-45,다목적,5,200,360도전방면,30,Aug-16,02-2627-1904,37.449972,126.9007298,2019-08-26
서울특별시 금천구,서울특별시 금천구 독산로28길 38,서울특별시 금천구 시흥동 817-24,다목적,5,200,360도전방면,30,Aug-16,02-2627-1904,37.4563675,126.9078994,2019-08-26
서울특별시 금천구,서울특별시 금천구 독산로36길 24,서울특별시 금천구 시흥동 812-40,다목적,6,200,360도전방면,30,Aug-16,02-2627-1904,37.4592634,126.906486,2019-08-26
서울특별시 금천구,서울특별시 금천구 벚꽃로 342,서울특별시 금천구 가산동 5-33,다목적,5,200,360도전방면,30,Feb-17,02-2627-1904,37.484793,126.8816063,2019-08-26
서울특별시 금천구,서울특별시 금천구 벚꽃로46가길 9,서울특별시 금천구 가산동 34-71,다목적,3,200,360도전방면,30,Feb-17,02-2627-1904,37.483339,126.8829032,2019-08-26
서울특별시 금천구,서울특별시 금천구 벚꽃로46나길 12,서울특별시 금천구 가산동 34-10,다목적,3,200,360도전방면,30,Feb-17,02-2627-1904,37.483403,126.8833319,2019-08-26
서울특별시 금천구,서울특별시 금천구 벚꽃로42길 28,서울특별시 금천구 가산동 41-4,다목적,3,200,360도전방면,30,Feb-17,02-2627-1904,37.4825681,126.884252,2019-08-26
서울특별시 금천구,서울특별시 금천구 벚꽃로40길 14,서울특별시 금천구 가산동 42-27,다목적,1,200,360도전방면,30,Feb-17,02-2627-1904,37.4821653,126.8836985,2019-08-26
서울특별시 금천구,서울특별시 금천구 벚꽃로46길 1,서울특별시 금천구 가산동 36-6,다목적,5,200,360도전방면,30,Feb-17,02-2627-1904,37.4829087,126.8825591,2019-08-26
서울특별시 금천구,서울특별시 금천구 두산로3가길 12,서울특별시 금천구 가산동 237-67,다목적,5,200,360도전방면,30,Aug-17,02-2627-1904,37.473019,126.8894441,2019-08-26
서울특별시 금천구,서울특별시 금천구 가산로3길 92,서울특별시 금천구 가산동 237-42,다목적,6,200,360도전방면,30,Aug-17,02-2627-1904,37.472426,126.8904049,2019-08-26
서울특별시 금천구,서울특별시 금천구 시흥대로103길 17,서울특별시 금천구 독산동 1009-60,다목적,5,200,360도전방면,30,Aug-17,02-2627-1904,37.4644116,126.896215,2019-08-26
서울특별시 금천구,서울특별시 금천구 시흥대로103길 30-16,서울특별시 금천구 독산동 1009-44,다목적,4,200,360도전방면,30,Aug-17,02-2627-1904,37.4648579,126.8963486,2019-08-26
서울특별시 금천구,서울특별시 금천구 독산로58나길 35,서울특별시 금천구 독산동 378-347,다목적,6,200,360도전방면,30,Aug-17,02-2627-1904,37.4645762,126.9060674,2019-08-26
서울특별시 금천구,서울특별시 금천구 독산로58나길 5,서울특별시 금천구 독산동 378-208,다목적,6,200,360도전방면,30,Aug-17,02-2627-1904,37.4645692,126.904827,2019-08-26
서울특별시 금천구,서울특별시 금천구 독산로58가길 20,서울특별시 금천구 독산동 378-309,다목적,5,200,360도전방면,30,Aug-17,02-2627-1904,37.4638931,126.9048916,2019-08-26
서울특별시 금천구,서울특별시 금천구 독산로11길 14,서울특별시 금천구 시흥동 894-24,다목적,6,200,360도전방면,30,Aug-17,02-2627-1904,37.451965,126.9050933,2019-08-26
서울특별시 금천구,서울특별시 금천구 금하로14길 45,서울특별시 금천구 시흥동 897-21,다목적,6,200,360도전방면,30,Aug-17,02-2627-1904,37.4513602,126.9042866,2019-08-26
서울특별시 금천구,서울특별시 금천구 시흥대로56길 21,서울특별시 금천구 시흥동 887-5,다목적,6,200,360도전방면,30,Aug-17,02-2627-1904,37.4526691,126.902827,2019-08-26
서울특별시 금천구,서울특별시 금천구 탑골로8길 19,서울특별시 금천구 시흥동 239-15,다목적,5,200,360도전방면,30,Aug-17,02-2627-1904,37.4511588,126.9145845,2019-08-26
서울특별시 금천구,서울특별시 금천구 탑골로4길 48,서울특별시 금천구 시흥동 243-30,다목적,4,200,360도전방면,30,Aug-17,02-2627-1904,37.450873,126.9139494,2019-08-26
서울특별시 금천구,서울특별시 금천구 독산로64라길 4,서울특별시 금천구 독산동 377-24,다목적,3,200,360도전방면,30,Jul-18,02-2627-1904,37.4666959,126.9057313,2019-08-26
서울특별시 금천구,서울특별시 금천구 독산로70길 33,서울특별시 금천구 독산동 1022-60,다목적,5,200,360도전방면,30,Jul-18,02-2627-1904,37.466717,126.9037064,2019-08-26
서울특별시 금천구,서울특별시 금천구 독산로72길 83,서울특별시 금천구 독산동 183-4,다목적,6,200,360도전방면,30,Jul-18,02-2627-1904,37.4695116,126.905859,2019-08-26
서울특별시 금천구,서울특별시 금천구 가산디지털2로 169-41,서울특별시 금천구 가산동 535-156,다목적,4,200,360도전방면,30,Dec-18,02-2627-1904,37.48228,126.875473,2019-08-26
서울특별시 금천구,서울특별시 금천구 가산디지털2로 142-21,서울특별시 금천구 가산동 458-1,다목적,3,200,360도전방면,30,Dec-18,02-2627-1904,37.480358,126.8801126,2019-08-26
서울특별시 금천구,서울특별시 금천구 벚꽃로 73,서울특별시 금천구 독산동 711-2,다목적,4,200,360도전방면,30,Dec-18,02-2627-1904,37.4625204,126.8902608,2019-08-26
서울특별시 금천구,서울특별시 금천구 두산로75,서울특별시 금천구 독산동 289-1,다목적,6,200,360도전방면,30,Dec-18,02-2627-1904,37.4702951,126.8965761,2019-08-26
서울특별시 금천구,서울특별시 금천구 범안로17길 41,서울특별시 금천구 독산동 1136,다목적,5,200,360도전방면,30,Dec-18,02-2627-1904,37.4682555,126.8931435,2019-08-26
서울특별시 금천구,서울특별시 금천구 독산로64길 20,서울특별시 금천구 독산동 378-233,다목적,5,200,360도전방면,30,Dec-18,02-2627-1904,37.4651208,126.9037806,2019-08-26
서울특별시 금천구,서울특별시 금천구 시흥대로104길 29-9,서울특별시 금천구 독산동 1033-43,다목적,4,200,360도전방면,30,Dec-18,02-2627-1904,37.4650667,126.8994168,2019-08-26
서울특별시 금천구,서울특별시 금천구 독산로56길 25,서울특별시 금천구 독산동 378-511,다목적,4,200,360도전방면,30,Dec-18,02-2627-1904,37.4637601,126.9048347,2019-08-26
서울특별시 금천구,서울특별시 금천구 독산로56길 5,서울특별시 금천구 독산동 378-442,다목적,2,900,360도전방면,30,Dec-18,02-2627-1904,37.463748,126.9037041,2019-08-26
서울특별시 금천구,서울특별시 금천구 독산로49길 5,서울특별시 금천구 독산동 1045-22,다목적,5,200,360도전방면,30,Dec-18,02-2627-1904,37.4625092,126.9031563,2019-08-26
서울특별시 금천구,서울특별시 금천구 독산로92길 42,서울특별시 금천구 독산동 992-7,다목적,5,200,360도전방면,30,Dec-18,02-2627-1904,37.4736857,126.9057764,2019-08-26
서울특별시 금천구,서울특별시 금천구 독산로108길 14,서울특별시 금천구 독산동 878-1,다목적,5,200,360도전방면,30,Dec-18,02-2627-1904,37.4791522,126.904602,2019-08-26
서울특별시 금천구,서울특별시 금천구 독산로87길 24,서울특별시 금천구 독산동 990-7,다목적,5,200,360도전방면,30,Dec-18,02-2627-1904,37.473445,126.9025667,2019-08-26
서울특별시 금천구,서울특별시 금천구 남부순환로120길 17-9,서울특별시 금천구 독산동 958-16,다목적,1,200,360도전방면,30,Dec-18,02-2627-1904,37.478279,126.901721,2019-08-26
서울특별시 금천구,서울특별시 금천구 시흥대로112길 20,서울특별시 금천구 독산동 1028-7,다목적,5,200,360도전방면,30,Dec-18,02-2627-1904,37.467328,126.899664,2019-08-26
서울특별시 금천구,서울특별시 금천구 독산로77길 11,서울특별시 금천구 독산동 197-32,다목적,4,200,360도전방면,30,Dec-18,02-2627-1904,37.4699485,126.9018301,2019-08-26
서울특별시 금천구,서울특별시 금천구 독산로70길 91,서울특별시 금천구 독산동 937-3,다목적,6,200,360도전방면,30,Dec-18,02-2627-1904,37.468124,126.906471,2019-08-26
서울특별시 금천구,서울특별시 금천구 시흥대로51길 87,서울특별시 금천구 시흥동 557-4,다목적,4,200,360도전방면,30,Dec-18,02-2627-1904,37.451278,126.8968498,2019-08-26
서울특별시 금천구,서울특별시 금천구 독산로 79,서울특별시 금천구 시흥동 841-14,다목적,4,200,360도전방면,30,Dec-18,02-2627-1904,37.454479,126.9057475,2019-08-26
서울특별시 금천구,서울특별시 금천구 시흥대로56길 8,서울특별시 금천구 시흥동 890-2,다목적,4,900,360도전방면,30,Dec-18,02-2627-1904,37.452503,126.90232,2019-08-26
서울특별시 금천구,서울특별시 금천구 금하로5길 4,서울특별시 금천구 시흥동 122-8,다목적,5,200,360도전방면,30,Dec-18,02-2627-1904,37.4543357,126.898803,2019-08-26
서울특별시 금천구,서울특별시 금천구 탑골로 84,서울특별시 금천구 시흥동 1006,다목적,3,900,360도전방면,30,Dec-18,02-2627-1904,37.4529815,126.9176177,2019-08-26
서울특별시 금천구,서울특별시 금천구 시흥대로38길 18-2,서울특별시 금천구 시흥동 938-30,다목적,1,900,360도전방면,30,Dec-18,02-2627-1904,37.4443125,126.9049974,2019-08-26
서울특별시 금천구,서울특별시 금천구 독산로44길 51,서울특별시 금천구 시흥동 793-6,다목적,4,200,360도전방면,30,Dec-18,02-2627-1904,37.4617766,126.907546,2019-08-26
서울특별시 금천구,서울특별시 금천구 독산로18길 34,서울특별시 금천구 시흥동 823-10,다목적,2,900,360도전방면,30,Dec-18,02-2627-1904,37.454086,126.9072568,2019-08-26
서울특별시 금천구,서울특별시 금천구 독산로8가길 12,서울특별시 금천구 시흥동 919-58,다목적,1,200,90도전방면,30,Dec-18,02-2627-1904,37.4494116,126.9070489,2019-08-26
서울특별시 금천구,서울특별시 금천구 금하로24가길 21,서울특별시 금천구 시흥동 913-7,다목적,5,200,360도전방면,30,Dec-18,02-2627-1904,37.4494392,126.90964,2019-08-26
서울특별시 금천구,서울특별시 금천구 독산로18길 1,서울특별시 금천구 시흥동 837-22,다목적,6,200,360도전방면,30,Dec-18,02-2627-1904,37.452716,126.9067562,2019-08-26
서울특별시 금천구,서울특별시 금천구 독산로18길 28,서울특별시 금천구 시흥동 823-12,다목적,6,200,360도전방면,30,Dec-18,02-2627-1904,37.4538721,126.9071818,2019-08-26
서울특별시 금천구,서울특별시 금천구 금하로 705,서울특별시 금천구 시흥동 831-6,다목적,7,200,360도전방면,30,Dec-18,02-2627-1904,37.4516133,126.9083675,2019-08-26
서울특별시 금천구,서울특별시 금천구 시흥대로104나길 12,서울특별시 금천구 독산동 1033-52,다목적,2,900,360도전방면,30,Dec-18,02-2627-1904,37.465072,126.8993026,2019-08-26
서울특별시 금천구,서울특별시 금천구 남부순환로122길 20-15,서울특별시 금천구 독산동 958-19,다목적,1,900,360도전방면,30,Dec-18,02-2627-1904,37.4783096,126.901931,2019-08-26
서울특별시 금천구,서울특별시 금천구 독산로8가길 8,서울특별시 금천구 시흥동 919-53,다목적,1,900,360도전방면,30,Dec-18,02-2627-1904,37.4493499,126.906967,2019-08-26
서울특별시 금천구,서울특별시 금천구 독산로8가길 18,서울특별시 금천구 시흥동 919-65,다목적,1,900,360도전방면,30,Dec-18,02-2627-1904,37.4494413,126.9073401,2019-08-26
서울특별시 금천구,서울특별시 금천구 독산로 44-6,서울특별시 금천구 시흥동 908-34,다목적,1,900,360도전방면,30,Jun-19,02-2627-1904,37.4511638,126.9064255,2019-08-26
서울특별시 금천구,서울특별시 금천구 금하로20길 6,서울특별시 금천구 시흥동 908-43,다목적,2,200,180도전방면,30,Jun-19,02-2627-1904,37.451532,126.9066615,2019-08-26
서울특별시 금천구,서울특별시 금천구 독산로44-13,서울특별시 금천구 시흥동 908-12,다목적,3,900,360도전방면,30,Jun-19,02-2627-1904,37.451549,126.9063624,2019-08-26
서울특별시 금천구,서울특별시 금천구 독산로 44,서울특별시 금천구 시흥동 908-22,다목적,1,200,90도전방면,30,Jun-19,02-2627-1904,37.451147,126.9061331,2019-08-26
서울특별시 금천구,서울특별시 금천구 남부순환로 1304-14,서울특별시 금천구 가산동 147-3,다목적,4,200,360도전방면,30,Nov-10,02-2627-1904,37.4776735,126.8958707,2019-08-26
서울특별시 금천구,서울특별시 금천구 범안로 1157,서울특별시 금천구 독산동 1001-6,다목적,5,200,360도전방면,30,Nov-10,02-2627-1904,37.466825,126.8903023,2019-08-26
서울특별시 금천구,서울특별시 금천구 한내로 69-17,서울특별시 금천구 독산동 1088-3,다목적,5,200,360도전방면,30,Nov-10,02-2627-1904,37.4579016,126.8877667,2019-08-26
서울특별시 금천구,서울특별시 금천구 시흥대로104길 31,서울특별시 금천구 독산동 1036,다목적,4,200,360도전방면,30,Nov-10,02-2627-1904,37.4655142,126.9000569,2019-08-26
서울특별시 금천구,서울특별시 금천구 독산로54길 115,서울특별시 금천구 독산동 376-4,다목적,4,200,360도전방면,30,Nov-10,02-2627-1904,37.4671961,126.9076876,2019-08-26
서울특별시 금천구,서울특별시 금천구 독산로102길 104,서울특별시 금천구 독산동 892-14,다목적,5,200,360도전방면,30,Nov-10,02-2627-1904,37.4762625,126.9092651,2019-08-26
서울특별시 금천구,서울특별시 금천구 시흥대로146길 18,서울특별시 금천구 독산동 984,다목적,6,200,360도전방면,30,Nov-10,02-2627-1904,37.473835,126.8997326,2019-08-26
서울특별시 금천구,서울특별시 금천구 독산로78다길 89,서울특별시 금천구 독산동 182-44,다목적,3,200,360도전방면,30,Nov-10,02-2627-1904,37.4717252,126.908326,2019-08-26
서울특별시 금천구,서울특별시 금천구 독산로78다길 89,서울특별시 금천구 독산동 182-44,다목적,3,200,360도전방면,30,Nov-10,02-2627-1904,37.4717252,126.908326,2019-08-26
서울특별시 금천구,서울특별시 금천구 시흥대로47길 43-1,서울특별시 금천구 시흥동 564-5,다목적,4,200,360도전방면,30,Nov-10,02-2627-1904,37.4470088,126.8995074,2019-08-26
서울특별시 금천구,서울특별시 금천구 독산로23길 26,서울특별시 금천구 시흥동 841-19,다목적,4,200,360도전방면,30,Nov-10,02-2627-1904,37.4546436,126.9049575,2019-08-26
서울특별시 금천구,서울특별시 금천구 탑골로3길 50,서울특별시 금천구 시흥동 220-2,다목적,3,200,360도전방면,30,Nov-10,02-2627-1904,37.4533858,126.9140551,2019-08-26
서울특별시 금천구,서울특별시 금천구 금하로30길 51 (금동초교 정문),서울특별시 금천구 시흥동 1013-3,다목적,3,200,360도전방면,30,Nov-10,02-2627-1904,37.448246,126.916449,2019-08-26
서울특별시 금천구,서울특별시 금천구 시흥대로26길 64,서울특별시 금천구 시흥동 947-9,다목적,3,200,360도전방면,30,Nov-10,02-2627-1904,37.4416847,126.907372,2019-08-26
서울특별시 금천구,서울특별시 금천구 독산로36길 74-3,서울특별시 금천구 시흥동 4-43,다목적,4,200,360도전방면,30,Nov-10,02-2627-1904,37.4605082,126.9084337,2019-08-26
서울특별시 금천구,서울특별시 금천구 독산로50다길 84,서울특별시 금천구 시흥동 4-84,다목적,3,200,360도전방면,30,Nov-10,02-2627-1904,37.4600314,126.908428,2019-08-26
서울특별시 금천구,서울특별시 금천구 독산로50길 60-12,서울특별시 금천구 시흥동 793,다목적,1,200,360도전방면,30,Nov-10,02-2627-1904,37.462045,126.907846,2019-08-26
서울특별시 금천구,서울특별시 금천구 독산로44다길 23,서울특별시 금천구 시흥동 792-1,다목적,4,200,360도전방면,30,Nov-10,02-2627-1904,37.4620543,126.9062828,2019-08-26
서울특별시 금천구,서울특별시 금천구 탑골로5길 53,서울특별시 금천구 시흥동 214-6,다목적,4,200,360도전방면,30,Nov-10,02-2627-1904,37.4540189,126.912155,2019-08-26
서울특별시 금천구,서울특별시 금천구 시흥대로40가길 14,서울특별시 금천구 시흥동 438-66,다목적,4,200,360도전방면,30,Nov-10,02-2627-1904,37.446844,126.905879,2019-08-26
서울특별시 금천구,서울특별시 금천구 남부순환로112길 51,서울특별시 금천구 가산동 151-22,다목적,1,130,전주밑,30,Jul-04,02-2627-1904,37.4771105,126.893179,2019-08-26
서울특별시 금천구,서울특별시 금천구 벚꽃로46길 7,서울특별시 금천구 가산동 34-39,다목적,1,200,360도전방면,30,Jul-04,02-2627-1904,37.4829291,126.882979,2019-08-26
서울특별시 금천구,서울특별시 금천구 시흥대로101길 14-8,서울특별시 금천구 독산동 1009-65,다목적,1,200,360도전방면,30,Jul-04,02-2627-1904,37.464388,126.896353,2019-08-26
서울특별시 금천구,서울특별시 금천구 시흥대로149가길 6,서울특별시 금천구 가산동 148-11,다목적,2,200,360도전방면,30,Jul-04,02-2627-1904,37.4755747,126.8955477,2019-08-26
서울특별시 금천구,서울특별시 금천구 독산로53길 23,서울특별시 금천구 독산동 1047-12,다목적,1,130,전주밑,30,Jul-04,02-2627-1904,37.4638132,126.902251,2019-08-26
서울특별시 금천구,서울특별시 금천구 시흥대로84길 43,서울특별시 금천구 독산동 1070-16,다목적,1,900,360도전방면,30,Jul-04,02-2627-1904,37.4608517,126.901573,2019-08-26
서울특별시 금천구,서울특별시 금천구 독산로87길 43,서울특별시 금천구 독산동 979-30,다목적,1,900,360도전방면,30,Jul-04,02-2627-1904,37.4743857,126.9024627,2019-08-26
서울특별시 금천구,서울특별시 금천구 독산로87길 43,서울특별시 금천구 독산동 979-30,다목적,1,200,360도전방면,30,Jul-04,02-2627-1904,37.4743857,126.902421,2019-08-26
서울특별시 금천구,서울특별시 금천구 시흥대로126길 22,서울특별시 금천구 독산동 285-1,다목적,2,200,360도전방면,30,Jul-04,02-2627-1904,37.469775,126.9000973,2019-08-26
서울특별시 금천구,서울특별시 금천구 독산로70길 19,서울특별시 금천구 독산동 1022-98,다목적,1,130,전주밑,30,Jul-04,02-2627-1904,37.466602,126.9028845,2019-08-26
서울특별시 금천구,서울특별시 금천구 독산로86길 7,서울특별시 금천구 독산동 991-21,다목적,2,200,360도전방면,30,Jul-04,02-2627-1904,37.472678,126.9037851,2019-08-26
서울특별시 금천구,서울특별시 금천구 남부순환로126가길 19,서울특별시 금천구 독산동 898-10,다목적,2,200,360도전방면,30,Jul-04,02-2627-1904,37.4793304,126.9071006,2019-08-26
서울특별시 금천구,서울특별시 금천구 시흥대로54길 22,서울특별시 금천구 시흥동 892-22,다목적,1,900,360도전방면,30,Jul-04,02-2627-1904,37.452481,126.9029928,2019-08-26
서울특별시 금천구,서울특별시 금천구 시흥대로54길 6,서울특별시 금천구 시흥동 892-49,다목적,2,200,360도전방면,30,Jul-04,02-2627-1904,37.4517265,126.9032618,2019-08-26
서울특별시 금천구,서울특별시 금천구 금하로29길 28,서울특별시 금천구 시흥동 244-48,다목적,1,900,360도전방면,30,Jul-04,02-2627-1904,37.4511736,126.912934,2019-08-26
서울특별시 금천구,서울특별시 금천구 시흥대로24길 23,서울특별시 금천구 시흥동 952-13,다목적,1,900,360도전방면,30,Jul-04,02-2627-1904,37.4414604,126.9057407,2019-08-26
서울특별시 금천구,서울특별시 금천구 시흥대로134길 9,서울특별시 금천구 독산동 161-31,다목적,1,200,360도전방면,30,Jul-04,02-2627-1904,37.4718467,126.8995718,2019-08-26
서울특별시 금천구,서울특별시 금천구 독산로38길 81,서울특별시 금천구 시흥동 789-7,다목적,2,200,360도전방면,30,Jul-04,02-2627-1904,37.4625002,126.905073,2019-08-26
서울특별시 금천구,서울특별시 금천구 독산로50마길 14-6,서울특별시 금천구 시흥동 3-118,다목적,1,900,360도전방면,30,Jul-04,02-2627-1904,37.4606444,126.911296,2019-08-26
서울특별시 금천구,서울특별시 금천구 독산로24나길 3,서울특별시 금천구 시흥동 817-52,다목적,1,900,360도전방면,30,May-18,02-2627-1904,37.4557074,126.9067708,2019-08-26
서울특별시 금천구,서울특별시 금천구 탑골로5가길 6,서울특별시 금천구 시흥동 219-18,다목적,1,900,360도전방면,30,Jul-04,02-2627-1904,37.453068,126.9117805,2019-08-26
서울특별시 금천구,서울특별시 금천구 독산로41길 89,서울특별시 금천구 시흥동 872-42,다목적,1,900,360도전방면,30,Jul-04,02-2627-1904,37.4571362,126.901484,2019-08-26
서울특별시 금천구,서울특별시 금천구 독산로23길 11,서울특별시 금천구 시흥동 840-50,다목적,2,200,360도전방면,30,Jul-04,02-2627-1904,37.4540102,126.9052595,2019-08-26
서울특별시 금천구,서울특별시 금천구 은행나무로10길 12-1,서울특별시 금천구 시흥동 921-29,다목적,1,130,출입구,30,Oct-13,02-2627-1904,37.450316,126.906354,2019-08-26
서울특별시 금천구,서울특별시 금천구 독산로50길 163-10 (명성빌라 앞),서울특별시 금천구 시흥동 3-32,다목적,1,130,전주밑,30,Oct-13,02-2627-1904,37.46138,126.913112,2019-08-26
서울특별시 금천구,서울특별시 금천구 시흥대로6길 35-25,서울특별시 금천구 시흥동 964-2,다목적,1,130,전주밑,30,Oct-13,02-2627-1904,37.4372283,126.9045932,2019-08-26
서울특별시 금천구,서울특별시 금천구 금하로 763,서울특별시 금천구 시흥동 1013-7,다목적,1,130,담장밑,30,Oct-13,02-2627-1904,37.450333,126.9145594,2019-08-26
서울특별시 금천구,서울특별시 금천구 시흥대로48길 14,서울특별시 금천구 시흥동 900,다목적,1,130,통신주밑,30,Oct-13,02-2627-1904,37.4510287,126.903637,2019-08-26
서울특별시 금천구,서울특별시 금천구 독산로73길 10-34,서울특별시 금천구 독산동 1019-7,다목적,1,130,전주밑,30,Oct-13,02-2627-1904,37.4685742,126.9016128,2019-08-26
서울특별시 금천구,서울특별시 금천구 독산로62길 4,서울특별시 금천구 독산동 378-263,다목적,1,130,통신주밑,30,Oct-13,02-2627-1904,37.464473,126.903287,2019-08-26
서울특별시 금천구,서울특별시 금천구 시흥대로145길 14,서울특별시 금천구 독산동 149-74,다목적,1,130,전주밑,30,Oct-13,02-2627-1904,37.4734821,126.8958973,2019-08-26
서울특별시 금천구,서울특별시 금천구 두산로9가길 19,서울특별시 금천구 가산동 235-71,다목적,1,130,전주밑,30,Oct-13,02-2627-1904,37.472867,126.891798,2019-08-26
서울특별시 금천구,서울특별시 금천구 독산로54길 102-27,서울특별시 금천구 독산동 산118-4,다목적,1,200,360도전방면,30,Sep-09,02-2627-1904,37.468276,126.908542,2019-08-26
서울특별시 금천구,서울특별시 금천구 독산로54길 6,서울특별시 금천구 시흥동 산138-3,다목적,1,200,360도전방면,30,Sep-09,02-2627-1904,37.4632087,126.9072697,2019-08-26
서울특별시 금천구,,서울특별시 금천구 가산동 234-29,다목적,4,200,360도전방면,30,Oct-13,02-2627-1904,37.473541,126.893311,2019-08-26
서울특별시 금천구,서울특별시 금천구 시흥대로149가길 6,서울특별시 금천구 가산동 148-11,다목적,4,200,360도전방면,30,Oct-13,02-2627-1904,37.4755747,126.8955477,2019-08-26
서울특별시 금천구,,서울특별시 금천구 독산동 1095-1,다목적,4,200,360도전방면,30,Oct-13,02-2627-1904,37.454799,126.888734,2019-08-26
서울특별시 금천구,서울특별시 금천구 한내로 55,서울특별시 금천구 독산동 1088-2,다목적,4,200,360도전방면,30,Oct-13,02-2627-1904,37.456878,126.8870982,2019-08-26
서울특별시 금천구,,서울특별시 금천구 독산동 1086,다목적,4,200,360도전방면,30,Oct-13,02-2627-1904,37.462808,126.885338,2019-08-26
서울특별시 금천구,,서울특별시 금천구 독산동 378-291,다목적,4,200,360도전방면,30,Oct-13,02-2627-1904,37.464531,126.904499,2019-08-26
서울특별시 금천구,서울특별시 금천구 시흥대로90길 60-3,서울특별시 금천구 독산동 1063-14,다목적,4,200,360도전방면,30,Oct-13,02-2627-1904,37.4627715,126.9009392,2019-08-26
서울특별시 금천구,서울특별시 금천구 시흥대로86길 20,서울특별시 금천구 독산동 1067-9,다목적,4,200,360도전방면,30,Oct-13,02-2627-1904,37.4601219,126.9002941,2019-08-26
서울특별시 금천구,서울특별시 금천구 독산로68길,서울특별시 금천구 독산동 1038-9,다목적,4,200,360도전방면,30,Oct-13,02-2627-1904,37.466436,126.903247,2019-08-26
서울특별시 금천구,,서울특별시 금천구 독산동 883-9,다목적,4,200,360도전방면,30,Oct-13,02-2627-1904,37.477301,126.907445,2019-08-26
서울특별시 금천구,,서울특별시 금천구 독산동 189-1,다목적,4,200,360도전방면,30,Oct-13,02-2627-1904,37.47083,126.903852,2019-08-26
서울특별시 금천구,,서울특별시 금천구 시흥동 855,다목적,4,200,360도전방면,30,Oct-13,02-2627-1904,37.458821,126.904247,2019-08-26
서울특별시 금천구,,서울특별시 금천구 시흥동 947-4,다목적,4,200,360도전방면,30,Oct-13,02-2627-1904,37.441383,126.90627,2019-08-26
서울특별시 금천구,서울특별시 금천구 시흥대로38길 61,서울특별시 금천구 시흥동 937-2,다목적,4,200,360도전방면,30,Oct-13,02-2627-1904,37.446943,126.903925,2019-08-26
서울특별시 금천구,,서울특별시 금천구 시흥동 791-35,다목적,4,200,360도전방면,30,Oct-13,02-2627-1904,37.461037,126.906027,2019-08-26
서울특별시 금천구,,서울특별시 금천구 시흥동 943-16,다목적,2,200,360도전방면,30,Jun-14,02-2627-1904,37.443231,126.905979,2019-08-26
서울특별시 금천구,,서울특별시 금천구 시흥동 959-2,다목적,2,200,360도전방면,30,Jun-14,02-2627-1904,37.439757,126.904854,2019-08-26
서울특별시 금천구,,서울특별시 금천구 가산동 28-2,다목적,4,200,360도전방면,30,Sep-14,02-2627-1904,37.482862,126.884737,2019-08-26
서울특별시 금천구,,서울특별시 금천구 독산동 378-4,다목적,4,200,360도전방면,30,Sep-14,02-2627-1904,37.465657,126.906517,2019-08-26
서울특별시 금천구,,서울특별시 금천구 독산동 971,다목적,4,200,360도전방면,30,Sep-14,02-2627-1904,37.476312,126.901875,2019-08-26
서울특별시 금천구,,서울특별시 금천구 독산동 산193-3,다목적,2,200,360도전방면,30,Sep-14,02-2627-1904,37.467683,126.907425,2019-08-26
서울특별시 금천구,,서울특별시 금천구 시흥동 871-24,다목적,3,200,360도전방면,30,Sep-14,02-2627-1904,37.457698,126.901681,2019-08-26
서울특별시 금천구,,서울특별시 금천구 시흥동 970-3,다목적,5,200,360도전방면,30,Sep-14,02-2627-1904,37.434817,126.904699,2019-08-26
서울특별시 금천구,,서울특별시 금천구 시흥동 817,다목적,1,200,360도전방면,30,Sep-14,02-2627-1904,37.456239,126.906681,2019-08-26
서울특별시 금천구,,서울특별시 금천구 시흥동 925-32,다목적,4,200,360도전방면,30,Sep-14,02-2627-1904,37.44818,126.908682,2019-08-26
서울특별시 금천구,,서울특별시 금천구 시흥동 산116,다목적,4,200,360도전방면,30,Sep-14,02-2627-1904,37.454742,126.909773,2019-08-26
서울특별시 금천구,서울특별시 금천구 금하로1마길 15-8,서울특별시 금천구 독산동 1112,다목적,4,200,360도전방면,30,Dec-15,02-2627-1904,37.4528524,126.8896171,2019-08-26
서울특별시 금천구,서울특별시 금천구 독산로93길 18,서울특별시 금천구 독산동 980-44,다목적,3,200,360도전방면,30,Dec-15,02-2627-1904,37.4740151,126.902233,2019-08-26
서울특별시 금천구,,서울특별시 금천구 독산동 925-2,다목적,1,200,360도전방면,30,Dec-15,02-2627-1904,37.467649,126.904475,2019-08-26
서울특별시 금천구,서울특별시 금천구 금하로 668,서울특별시 금천구 시흥동 893,다목적,4,200,360도전방면,30,Dec-15,02-2627-1904,37.4525867,126.904343,2019-08-26
서울특별시 금천구,서울특별시 금천구 시흥대로41길 11,서울특별시 금천구 시흥동 985-2,다목적,4,200,360도전방면,30,Dec-15,02-2627-1904,37.4476377,126.9023145,2019-08-26
서울특별시 금천구,,서울특별시 금천구 시흥동 3-82,다목적,3,200,360도전방면,30,Dec-15,02-2627-1904,37.461526,126.912235,2019-08-26
서울특별시 금천구,서울특별시 금천구 호암로 278,서울특별시 금천구 시흥동 234,다목적,3,200,360도전방면,30,Dec-15,02-2627-1904,37.4525178,126.9255484,2019-08-26
서울특별시 금천구,,서울특별시 금천구 독산동 160-6,다목적,2,200,360도전방면,30,Aug-16,02-2627-1904,37.47227,126.900205,2019-08-26
서울특별시 금천구,,서울특별시 금천구 독산동 373-1,다목적,4,200,360도전방면,30,Aug-16,02-2627-1904,37.468995,126.908592,2019-08-26
서울특별시 금천구,,서울특별시 금천구 시흥동 986-2,다목적,3,200,360도전방면,30,Aug-16,02-2627-1904,37.448265,126.902125,2019-08-26
서울특별시 금천구,,서울특별시 금천구 독산동 1151,다목적,4,200,360도전방면,30,Dec-16,02-2627-1904,37.45807687,126.8949351,2019-08-26
서울특별시 금천구,,서울특별시 금천구 독산동 1151,다목적,4,200,360도전방면,30,Dec-16,02-2627-1904,37.45807687,126.8949351,2019-08-26
서울특별시 금천구,,서울특별시 금천구 독산동 1151,다목적,4,200,360도전방면,30,Dec-16,02-2627-1904,37.45807687,126.8949351,2019-08-26
서울특별시 금천구,,서울특별시 금천구 독산동 1151,다목적,4,200,360도전방면,30,Dec-16,02-2627-1904,37.45807687,126.8949351,2019-08-26
서울특별시 금천구,,서울특별시 금천구 독산동 1149,다목적,4,200,360도전방면,30,Dec-16,02-2627-1904,37.459834,126.896182,2019-08-26
서울특별시 금천구,,서울특별시 금천구 독산동 1149,다목적,4,200,360도전방면,30,Dec-16,02-2627-1904,37.459945,126.896525,2019-08-26
서울특별시 금천구,,서울특별시 금천구 시흥동 산4-31,다목적,1,200,360도전방면,30,Nov-18,02-2627-1904,37.437484,126.904853,2019-08-26
서울특별시 금천구,,서울특별시 금천구 시흥동 산4-31,다목적,1,200,360도전방면,30,Nov-18,02-2627-1904,37.437583,126.904846,2019-08-26
서울특별시 금천구,서울특별시 금천구 남부순환로126길 11,서울특별시 금천구 독산동 899-17,다목적,6,200,360도전방면,30,Feb-11,02-2627-1904,37.4796274,126.905796,2019-08-26
서울특별시 금천구,서울특별시 금천구 시흥대로98길 31,서울특별시 금천구 독산동 1051-27,다목적,6,200,360도전방면,30,Feb-11,02-2627-1904,37.4639066,126.899721,2019-08-26
서울특별시 금천구,서울특별시 금천구 디지털로10길 77,서울특별시 금천구 가산동 233-5,다목적,4,200,360도전방면,30,Feb-11,02-2627-1904,37.474778,126.891141,2019-08-26
서울특별시 금천구,,서울특별시 금천구 독산동 산193-3,다목적,5,200,360도전방면,30,Feb-11,02-2627-1904,37.467347,126.90734,2019-08-26
서울특별시 금천구,서울특별시 금천구 독산로54길 251,서울특별시 금천구 독산동 993-30,다목적,3,200,360도전방면,30,Feb-11,02-2627-1904,37.472999,126.9058576,2019-08-26
서울특별시 금천구,서울특별시 금천구 독산로47가길 35,서울특별시 금천구 시흥동 861-48,다목적,5,200,360도전방면,30,Feb-11,02-2627-1904,37.4606224,126.902569,2019-08-26
서울특별시 금천구,서울특별시 금천구 가산로9길 35,서울특별시 금천구 가산동 219-21,다목적,6,200,360도전방면,30,Feb-11,02-2627-1904,37.4757763,126.8902367,2019-08-26
서울특별시 금천구,서울특별시 금천구 독산로 3,서울특별시 금천구 시흥동 904-21,다목적,6,200,360도전방면,30,Feb-11,02-2627-1904,37.4487134,126.9035623,2019-08-26
서울특별시 금천구,서울특별시 금천구 금하로3길 32,서울특별시 금천구 시흥동 118-90,다목적,4,200,360도전방면,30,Feb-11,02-2627-1904,37.4548284,126.8976082,2019-08-26
서울특별시 금천구,서울특별시 금천구 범안로12길 29-33,서울특별시 금천구 독산동 1006-111,다목적,4,200,360도전방면,30,Feb-11,02-2627-1904,37.4647332,126.893737,2019-08-26
서울특별시 금천구,서울특별시 금천구 금하로23길20,서울특별시 금천구 시흥동 827,다목적,6,200,360도전방면,30,Nov-12,02-2627-1904,37.4520105,126.9088341,2019-08-26
서울특별시 금천구,서울특별시 금천구 시흥대로41길 59,서울특별시 금천구 시흥동 988,다목적,5,200,360도전방면,30,Nov-12,02-2627-1904,37.4494847,126.901487,2019-08-26
서울특별시 금천구,서울특별시 금천구 독산로94길 19,서울특별시 금천구 독산동 977-12,다목적,5,200,360도전방면,30,Nov-12,02-2627-1904,37.474709,126.904256,2019-08-26
서울특별시 금천구,서울특별시 금천구 시흥대로152길 35,서울특별시 금천구 독산동 955-12,다목적,6,200,360도전방면,30,Nov-12,02-2627-1904,37.476837,126.9009534,2019-08-26
서울특별시 금천구,서울특별시 금천구 시흥대로72길 13,서울특별시 금천구 시흥동 870-27,다목적,5,200,360도전방면,30,Nov-12,02-2627-1904,37.4572046,126.9002329,2019-08-26
서울특별시 금천구,서울특별시 금천구 시흥대로84길 12,서울특별시 금천구 독산동 1076-13,다목적,3,200,360도전방면,30,Jan-14,02-2627-1904,37.4597922,126.900388,2019-08-26
서울특별시 금천구,서울특별시 금천구 시흥대로150길 79,서울특별시 금천구 독산동 964-46,다목적,3,200,360도전방면,30,Jan-14,02-2627-1904,37.477391,126.9024945,2019-08-26
서울특별시 금천구,서울특별시 금천구 시흥대로68길 36,서울특별시 금천구 시흥동 873-22,다목적,4,200,360도전방면,30,Jan-14,02-2627-1904,37.4566304,126.901757,2019-08-26
서울특별시 금천구,서울특별시 금천구 탑골로10길 45,서울특별시 금천구 시흥동 산100-4,다목적,3,130,270도전방면,30,Jan-14,02-2627-1904,37.4516719,126.9168874,2019-08-26
서울특별시 금천구,서울특별시 금천구 시흥대로18길 65,서울특별시 금천구 시흥동 949-8,다목적,4,200,360도전방면,30,Jan-14,02-2627-1904,37.4405004,126.9071661,2019-08-26
서울특별시 금천구,서울특별시 금천구 독산로36길 14,서울특별시 금천구 시흥동 812-38,다목적,5,200,360도전방면,30,Jan-14,02-2627-1904,37.4589501,126.9061709,2019-08-26
서울특별시 금천구,서울특별시 금천구 시흥대로90길 63,서울특별시 금천구 독산동 1062-10,다목적,4,200,360도전방면,30,Sep-14,02-2627-1904,37.462974,126.900711,2019-08-26
서울특별시 금천구,서울특별시 금천구 남부순환로128길 71,서울특별시 금천구 독산동 904-37,다목적,4,200,360도전방면,30,Sep-14,02-2627-1904,37.4774966,126.9089351,2019-08-26
서울특별시 금천구,서울특별시 금천구 벚꽃로38길 35,서울특별시 금천구 가산동 602-71,다목적,4,200,360도전방면,30,Nov-08,02-2627-1904,37.4826211,126.884455,2019-08-26
서울특별시 금천구,서울특별시 금천구 가산로3길 51,서울특별시 금천구 독산동 302-18,다목적,4,200,360도전방면,30,Dec-15,02-2627-1904,37.4720882,126.8926201,2019-08-26
서울특별시 금천구,서울특별시 금천구 독산로58가길 88,서울특별시 금천구 독산동 378-37,다목적,5,200,360도전방면,30,Dec-15,02-2627-1904,37.465793,126.9071835,2019-08-26
서울특별시 금천구,서울특별시 금천구 남부순환로126길 69,서울특별시 금천구 독산동 895-24,다목적,5,200,360도전방면,30,Dec-07,02-2627-1904,37.4773403,126.907618,2019-08-26
서울특별시 금천구,서울특별시 금천구 독산로10길 24,서울특별시 금천구 시흥동 919-15,다목적,4,200,360도전방면,30,Dec-15,02-2627-1904,37.449855,126.9072527,2019-08-26
서울특별시 금천구,서울특별시 금천구 벚꽃로18길36,서울특별시 금천구 독산동 1002,다목적,6,200,360도전방면,30,Aug-16,02-2627-1904,37.4678646,126.8908556,2019-08-26
서울특별시 금천구,서울특별시 금천구 시흥대로38길 61,서울특별시 금천구 시흥동 937-2,다목적,5,200,360도전방면,30,Aug-16,02-2627-1904,37.44696,126.9039552,2019-08-26
서울특별시 금천구,서울특별시 금천구 독산로6길 49,서울특별시 금천구 시흥동 438-202,다목적,5,200,360도전방면,30,Aug-16,02-2627-1904,37.446876,126.9057145,2019-08-26
서울특별시 금천구,서울특별시 금천구 탑골로7길 27,서울특별시 금천구 시흥동 220-44,다목적,5,200,360도전방면,30,Aug-16,02-2627-1904,37.452708,126.9133375,2019-08-26
서울특별시 금천구,서울특별시 금천구 시흥대로77길 32,서울특별시 금천구 시흥동 113-139,다목적,6,200,360도전방면,30,Jul-18,02-2627-1904,37.4580582,126.8971764,2019-08-26
서울특별시 금천구,서울특별시 금천구 시흥대로153길 36,서울특별시 금천구 독산동 143-21,다목적,1,130,360도전방면,30,Aug-10,02-2627-1904,37.4773168,126.8965588,2019-08-26
서울특별시 금천구,서울특별시 금천구 시흥대로148길 22 (문성초교),서울특별시 금천구 독산동 982-1,다목적,1,130,360도전방면,30,Aug-10,02-2627-1904,37.475066,126.90001,2019-08-26
서울특별시 금천구,서울특별시 금천구 독산로102길 125,서울특별시 금천구 독산동 907-20,다목적,1,200,360도전방면,30,Aug-10,02-2627-1904,37.476544,126.9104609,2019-08-26
서울특별시 금천구,서울특별시 금천구 독산로78다길 53,서울특별시 금천구 독산동 182-2,다목적,2,200,360도전방면,30,Aug-10,02-2627-1904,37.470423,126.906568,2019-08-26
서울특별시 금천구,서울특별시 금천구 벚꽃로18길 33,서울특별시 금천구 독산동 999-11,다목적,1,130,360도전방면,30,Aug-10,02-2627-1904,37.4682073,126.8907895,2019-08-26
서울특별시 금천구,서울특별시 금천구 시흥대로98길 49,서울특별시 금천구 독산동 1051-18,다목적,1,130,360도전방면,30,Aug-10,02-2627-1904,37.4643982,126.900493,2019-08-26
서울특별시 금천구,서울특별시 금천구 독산로64길 107 (문교초교),서울특별시 금천구 독산동 376-26,다목적,2,200,360도전방면,30,Aug-10,02-2627-1904,37.4666305,126.9080078,2019-08-26
서울특별시 금천구,서울특별시 금천구 독산로36나길 7,서울특별시 금천구 시흥동 4-127,다목적,1,130,360도전방면,30,Aug-10,02-2627-1904,37.4599209,126.9076702,2019-08-26
서울특별시 금천구,서울특별시 금천구 금하로11길 40,서울특별시 금천구 시흥동 841,다목적,1,130,360도전방면,30,Aug-10,02-2627-1904,37.4554309,126.904118,2019-08-26
서울특별시 금천구,서울특별시 금천구 탑골로5길 29-4,서울특별시 금천구 시흥동 212-4,다목적,1,130,360도전방면,30,Aug-10,02-2627-1904,37.4534574,126.9116511,2019-08-26
서울특별시 금천구,서울특별시 금천구 탑골로35,서울특별시 금천구 시흥동 224-1,다목적,1,130,360도전방면,30,Aug-10,02-2627-1904,37.4520329,126.9132213,2019-08-26
서울특별시 금천구,서울특별시 금천구 한내로 62,서울특별시 금천구 독산동 1093-4,다목적,1,130,360도전방면,30,Aug-10,02-2627-1904,37.4564805,126.8880443,2019-08-26
서울특별시 금천구,,서울특별시 금천구 시흥동 935-90,다목적,1,130,360도전방면,30,Aug-10,02-2627-1904,37.447564,126.904193,2019-08-26
서울특별시 금천구,서울특별시 금천구 시흥대로47길 45,서울특별시 금천구 시흥동 559-1,다목적,1,130,360도전방면,30,Aug-10,02-2627-1904,37.4493523,126.8984231,2019-08-26
서울특별시 금천구,서울특별시 금천구 금하로773,서울특별시 금천구 시흥동 268-3,다목적,1,130,360도전방면,30,Nov-10,02-2627-1904,37.450309,126.9157351,2019-08-26
서울특별시 금천구,서울특별시 금천구 금하로30길 51,서울특별시 금천구 시흥동 1013-3,다목적,1,130,360도전방면,30,Nov-10,02-2627-1904,37.4482719,126.9164515,2019-08-26
서울특별시 금천구,서울특별시 금천구 가산로77,서울특별시 금천구 독산동 297-6,다목적,1,200,360도전방면,30,Mar-09,02-2627-1904,37.4729925,126.8949029,2019-08-26
서울특별시 금천구,서울특별시 금천구 가산로122,서울특별시 금천구 가산동 151-36,다목적,1,200,360도전방면,30,Mar-09,02-2627-1904,37.476557,126.8928696,2019-08-26
서울특별시 금천구,서울특별시 금천구 가산로144,서울특별시 금천구 가산동 142-41,다목적,1,200,360도전방면,30,Mar-09,02-2627-1904,37.478164,126.8911593,2019-08-26
서울특별시 금천구,서울특별시 금천구 가산로20,서울특별시 금천구 독산동 163-25,다목적,1,200,360도전방면,30,Mar-09,02-2627-1904,37.4713269,126.9007404,2019-08-26
서울특별시 금천구,서울특별시 금천구 범안로1236,서울특별시 금천구 독산동 1032-3,다목적,1,200,360도전방면,30,Mar-09,02-2627-1904,37.4662705,126.899108,2019-08-26
서울특별시 금천구,서울특별시 금천구 문성로48,서울특별시 금천구 독산동 893-7,다목적,1,200,360도전방면,30,Mar-09,02-2627-1904,37.4766066,126.9089571,2019-08-26
서울특별시 금천구,서울특별시 금천구 가산디지털2로 129,서울특별시 금천구 가산동 450-3,다목적,1,200,360도전방면,30,Mar-09,02-2627-1904,37.479354,126.8785471,2019-08-26
서울특별시 금천구,서울특별시 금천구 독산로139,서울특별시 금천구 시흥동 856-22,다목적,1,200,360도전방면,30,Mar-09,02-2627-1904,37.459667,126.9047464,2019-08-26
서울특별시 금천구,서울특별시 금천구 독산로 201,서울특별시 금천구 독산동 1042-8,다목적,1,200,360도전방면,30,Mar-09,02-2627-1904,37.4647353,126.9024308,2019-08-26
서울특별시 금천구,서울특별시 금천구 독산로291,서울특별시 금천구 독산동 990-16,다목적,1,200,360도전방면,30,Mar-09,02-2627-1904,37.4727845,126.9030378,2019-08-26
서울특별시 금천구,서울특별시 금천구 가산로 113 (두산아파트),서울특별시 금천구 가산동 152-12,다목적,1,200,360도전방면,30,Mar-09,02-2627-1904,37.475792,126.8927906,2019-08-26
서울특별시 금천구,서울특별시 금천구 범안로1192,서울특별시 금천구 독산동 1006-28,다목적,1,200,360도전방면,30,Mar-09,02-2627-1904,37.4663388,126.8941858,2019-08-26
서울특별시 금천구,서울특별시 금천구 독산로353,서울특별시 금천구 독산동 959-12,다목적,1,200,360도전방면,30,Mar-09,02-2627-1904,37.478375,126.9035868,2019-08-26
서울특별시 금천구,서울특별시 금천구 금하로717,서울특별시 금천구 시흥동 830-13,다목적,1,200,360도전방면,30,Mar-09,02-2627-1904,37.4508071,126.9096529,2019-08-26
서울특별시 금천구,서울특별시 금천구 독산로238-1,서울특별시 금천구 독산동 1020-13,다목적,1,200,360도전방면,30,Mar-09,02-2627-1904,37.4680578,126.902371,2019-08-26
서울특별시 금천구,서울특별시 금천구 금하로668,서울특별시 금천구 시흥동 893,다목적,1,200,360도전방면,30,Mar-09,02-2627-1904,37.4525867,126.9043003,2019-08-26
서울특별시 금천구,서울특별시 금천구 금하로635,서울특별시 금천구 시흥동 879-26,다목적,1,200,360도전방면,30,Mar-09,02-2627-1904,37.4548885,126.9018378,2019-08-26
서울특별시 금천구,서울특별시 금천구 범안로 1209,서울특별시 금천구 독산동 293-5,다목적,1,200,360도전방면,30,Mar-09,02-2627-1904,37.4667856,126.8962852,2019-08-26
서울특별시 금천구,서울특별시 금천구 범안로1138,서울특별시 금천구 가산동 715,다목적,1,200,360도전방면,30,Mar-09,02-2627-1904,37.4657473,126.8883773,2019-08-26
서울특별시 금천구,서울특별시 금천구 가산디지털1로 165,서울특별시 금천구 가산동 371-6,다목적,1,200,360도전방면,30,Mar-09,02-2627-1904,37.4801705,126.8811402,2019-08-26
서울특별시 금천구,서울특별시 금천구 디지털로193,서울특별시 금천구 가산동 60-6,다목적,1,200,360도전방면,30,Jul-09,02-2627-1904,37.4787914,126.888053,2019-08-26
서울특별시 금천구,서울특별시 금천구 독산로16,서울특별시 금천구 시흥동 935-27,다목적,1,200,360도전방면,30,Jul-09,02-2627-1904,37.4487897,126.904735,2019-08-26
서울특별시 금천구,서울특별시 금천구 금하로 694 (은행공원맞은편),서울특별시 금천구 시흥동 909-5,다목적,1,200,360도전방면,30,Jul-09,02-2627-1904,37.451659,126.907241,2019-08-26
서울특별시 금천구,서울특별시 금천구 벚꽃로254,서울특별시 금천구 가산동 60-24,다목적,1,200,360도전방면,30,Jul-09,02-2627-1904,37.4777579,126.8854724,2019-08-26
서울특별시 금천구,서울특별시 금천구 문성로14-1,서울특별시 금천구 독산동 887-5,다목적,1,200,360도전방면,30,Jul-09,02-2627-1904,37.4762082,126.905205,2019-08-26
서울특별시 금천구,서울특별시 금천구 독산로 335-1 (제일목재맞은편),서울특별시 금천구 독산동 962-28,다목적,1,200,360도전방면,30,Aug-10,02-2627-1904,37.47674,126.903585,2019-08-26
서울특별시 금천구,서울특별시 금천구 가산로7,서울특별시 금천구 독산동 199-13,다목적,1,200,360도전방면,30,Aug-10,02-2627-1904,37.4707734,126.9019706,2019-08-26
서울특별시 금천구,서울특별시 금천구 범안로1256,서울특별시 금천구 독산동 1037-3,다목적,1,200,360도전방면,30,Aug-10,02-2627-1904,37.46627,126.9014848,2019-08-26
서울특별시 금천구,서울특별시 금천구 독산로41,서울특별시 금천구 시흥동 896-31,다목적,1,200,360도전방면,30,Aug-10,02-2627-1904,37.4509954,126.905751,2019-08-26
서울특별시 금천구,서울특별시 금천구 시흥대로48길 12-34,서울특별시 금천구 시흥동 902-29,다목적,1,200,360도전방면,30,Aug-10,02-2627-1904,37.4502805,126.9036739,2019-08-26
서울특별시 금천구,서울특별시 금천구 벚꽃로286,서울특별시 금천구 가산동 60-15,다목적,1,200,360도전방면,30,Aug-10,02-2627-1904,37.4803075,126.8841943,2019-08-26
서울특별시 금천구,서울특별시 금천구 금하로24다길 50,서울특별시 금천구 시흥동 929-11,다목적,3,200,360도전방면,30,Dec-15,02-2627-1904,37.446707,126.9100143,2019-08-26
서울특별시 금천구,서울특별시 금천구 시흥대로40길 42,서울특별시 금천구 시흥동 438-217,다목적,5,200,360도전방면,30,Feb-06,02-2627-1904,37.4473859,126.9059607,2019-08-26
서울특별시 금천구,서울특별시 금천구 시흥대로40길 111-5,서울특별시 금천구 시흥동 420-4,다목적,3,200,360도전방면,30,Feb-11,02-2627-1904,37.4464292,126.9086662,2019-08-26
서울특별시 금천구,서울특별시 금천구 독산로50길 61,서울특별시 금천구 시흥동 8-11,다목적,4,200,360도전방면,30,Aug-10,02-2627-1904,37.4626688,126.907659,2019-08-26
서울특별시 금천구,서울특별시 금천구 디지털로9길 90,서울특별시 금천구 가산동 79-2,다목적,1,200,360도전방면,30,Dec-16,02-2627-1904,37.481968,126.885523,2019-08-26
서울특별시 금천구,서울특별시 금천구 가산로9길 54,서울특별시 금천구 가산동 60-28,다목적,1,200,360도전방면,30,Dec-16,02-2627-1904,37.475933,126.8889013,2019-08-26
서울특별시 금천구,서울특별시 금천구 시흥대로40마길 1,서울특별시 금천구 시흥동 932-21,다목적,2,200,360도전방면,30,Dec-16,02-2627-1904,37.4473179,126.9075755,2019-08-26
서울특별시 금천구,서울특별시 금천구 금하로24길 2,서울특별시 금천구 시흥동 910-4,다목적,2,200,360도전방면,30,Dec-16,02-2627-1904,37.4508419,126.908451,2019-08-26
서울특별시 금천구,서울특별시 금천구 독산로 105,서울특별시 금천구 시흥동 847-7,다목적,4,200,360도전방면,30,May-17,02-2627-1904,37.4567333,126.9052684,2019-08-26
서울특별시 금천구,서울특별시 금천구 금하로 750,서울특별시 금천구 시흥동 1011,다목적,4,200,360도전방면,30,May-17,02-2627-1904,37.4493853,126.9136755,2019-08-26
서울특별시 금천구,서울특별시 금천구 두산로75,서울특별시 금천구 독산동 289-1,다목적,5,200,360도전방면,30,Oct-18,02-2627-1904,37.4702951,126.8965761,2019-08-26
서울특별시 금천구,서울특별시 금천구 독산로 178,서울특별시 금천구 독산동 378-451,다목적,4,200,360도전방면,30,Oct-18,02-2627-1904,37.4630805,126.9040376,2019-08-26
서울특별시 금천구,서울특별시 금천구 시흥대로 244,서울특별시 금천구 시흥동 882-31,다목적,4,200,360도전방면,30,Oct-18,02-2627-1904,37.4556417,126.9005666,2019-08-26
서울특별시 금천구,서울특별시 금천구 벚꽃로 30,서울특별시 금천구 독산동 1150,다목적,3,200,360도전방면,30,Jun-19,02-2627-1904,37.4582812,126.8937096,2019-08-26
서울특별시 금천구,서울특별시 금천구 독산로70길 8,서울특별시 금천구 독산동 1038-2,다목적,3,200,360도전방면,30,Mar-06,02-2627-1904,37.4664004,126.9023296,2019-08-26
서울특별시 금천구,서울특별시 금천구 독산로70가길 17,서울특별시 금천구 독산동 1022-78,다목적,1,200,360도전방면,30,Mar-06,02-2627-1904,37.4671168,126.902689,2019-08-26
서울특별시 금천구,서울특별시 금천구 독산로70길 23-7,서울특별시 금천구 독산동 1022-94,다목적,1,200,360도전방면,30,Mar-06,02-2627-1904,37.466961,126.9029889,2019-08-26
서울특별시 금천구,서울특별시 금천구 독산로74길 21-13,서울특별시 금천구 독산동 186-3,다목적,1,200,360도전방면,30,Mar-06,02-2627-1904,37.469036,126.9040657,2019-08-26
서울특별시 금천구,서울특별시 금천구 독산로78다길 39,서울특별시 금천구 독산동 182-34,다목적,3,200,360도전방면,30,Mar-06,02-2627-1904,37.4700658,126.905979,2019-08-26
서울특별시 금천구,서울특별시 금천구 독산로74길 24-13,서울특별시 금천구 독산동 1021-28,다목적,3,200,360도전방면,30,Mar-06,02-2627-1904,37.4682923,126.9030831,2019-08-26
서울특별시 금천구,서울특별시 금천구 독산로74길 19,서울특별시 금천구 독산동 191-7,다목적,3,200,360도전방면,30,Mar-06,02-2627-1904,37.4687031,126.9034592,2019-08-26
서울특별시 금천구,서울특별시 금천구 독산로78다길 22,서울특별시 금천구 독산동 184-3,다목적,1,200,360도전방면,30,Mar-06,02-2627-1904,37.469329,126.9051718,2019-08-26
서울특별시 금천구,서울특별시 금천구 독산로78다길 53,서울특별시 금천구 독산동 182-2,다목적,3,200,360도전방면,30,Mar-06,02-2627-1904,37.470488,126.906568,2019-08-26
서울특별시 금천구,서울특별시 금천구 독산로80길 11-21,서울특별시 금천구 독산동 179-21,다목적,2,200,360도전방면,30,Mar-06,02-2627-1904,37.471734,126.9037544,2019-08-26
서울특별시 금천구,서울특별시 금천구 독산로82길 20,서울특별시 금천구 독산동 181-92,다목적,3,200,360도전방면,30,Mar-06,02-2627-1904,37.4714994,126.9049592,2019-08-26
서울특별시 금천구,서울특별시 금천구 독산로82길 10,서울특별시 금천구 독산동 181-75,다목적,4,200,360도전방면,30,Mar-06,02-2627-1904,37.4715568,126.9043411,2019-08-26
서울특별시 금천구,서울특별시 금천구 독산로82길 28,서울특별시 금천구 독산동 181-112,다목적,1,200,360도전방면,30,Mar-06,02-2627-1904,37.4714574,126.9053827,2019-08-26
서울특별시 금천구,서울특별시 금천구 독산로82길 38,서울특별시 금천구 독산동 181-122,다목적,3,200,360도전방면,30,Mar-06,02-2627-1904,37.4713763,126.9058711,2019-08-26
서울특별시 금천구,서울특별시 금천구 독산로76길 10,서울특별시 금천구 독산동 191-4,다목적,3,200,360도전방면,30,Mar-06,02-2627-1904,37.4691401,126.9032606,2019-08-26
서울특별시 금천구,서울특별시 금천구 범안로12길 29,서울특별시 금천구 독산동 1006-187,다목적,3,200,360도전방면,30,Dec-06,02-2627-1904,37.4652069,126.8920445,2019-08-26
서울특별시 금천구,서울특별시 금천구 범안로12길 21-11,서울특별시 금천구 독산동 1006-192,다목적,1,200,360도전방면,30,Dec-06,02-2627-1904,37.465454,126.892511,2019-08-26
서울특별시 금천구,서울특별시 금천구 시흥대로38길 4,서울특별시 금천구 시흥동 938-44,다목적,4,200,360도전방면,30,Nov-05,02-2627-1904,37.4438016,126.9048037,2019-08-26
서울특별시 금천구,서울특별시 금천구 시흥대로30길 20,서울특별시 금천구 시흥동 943-3,다목적,3,200,360도전방면,30,Nov-05,02-2627-1904,37.4432034,126.9047107,2019-08-26
서울특별시 금천구,서울특별시 금천구 시흥대로26길 11,서울특별시 금천구 시흥동 953,다목적,4,200,360도전방면,30,Nov-05,02-2627-1904,37.4421056,126.9045843,2019-08-26
서울특별시 금천구,서울특별시 금천구 시흥대로20길 18,서울특별시 금천구 시흥동 951,다목적,3,200,360도전방면,30,Nov-05,02-2627-1904,37.4411798,126.9045356,2019-08-26
서울특별시 금천구,서울특별시 금천구 시흥대로18길 10,서울특별시 금천구 시흥동 955-2,다목적,4,200,360도전방면,30,Nov-05,02-2627-1904,37.4401783,126.9041005,2019-08-26
서울특별시 금천구,서울특별시 금천구 시흥대로12길 13,서울특별시 금천구 시흥동 960-12,다목적,4,200,360도전방면,30,Nov-05,02-2627-1904,37.4391753,126.9042767,2019-08-26
서울특별시 금천구,서울특별시 금천구 시흥대로28길 35-16,서울특별시 금천구 시흥동 945-2,다목적,5,200,360도전방면,30,Nov-05,02-2627-1904,37.443043,126.9061331,2019-08-26
서울특별시 금천구,서울특별시 금천구 시흥대로26길 42,서울특별시 금천구 시흥동 947,다목적,5,200,360도전방면,30,Nov-05,02-2627-1904,37.441798,126.906083,2019-08-26
서울특별시 금천구,서울특별시 금천구 시흥대로18길 49,서울특별시 금천구 시흥동 949,다목적,4,200,360도전방면,30,Nov-05,02-2627-1904,37.4406347,126.90619,2019-08-26
서울특별시 금천구,서울특별시 금천구 시흥대로16길 27,서울특별시 금천구 시흥동 956-4,다목적,4,200,360도전방면,30,Nov-05,02-2627-1904,37.4400156,126.9057979,2019-08-26
서울특별시 금천구,서울특별시 금천구 시흥대로18길 39,서울특별시 금천구 시흥동 950-10,다목적,1,200,360도전방면,30,Nov-05,02-2627-1904,37.4405504,126.9058523,2019-08-26
서울특별시 금천구,서울특별시 금천구 시흥대로36길 33,서울특별시 금천구 시흥동 938-11,다목적,3,200,360도전방면,30,Nov-05,02-2627-1904,37.444223,126.9055875,2019-08-26
서울특별시 금천구,서울특별시 금천구 시흥대로36길 61,서울특별시 금천구 시흥동 1004,다목적,3,200,360도전방면,30,Nov-05,02-2627-1904,37.4434481,126.9071051,2019-08-26
서울특별시 금천구,서울특별시 금천구 시흥대로28길 58,서울특별시 금천구 시흥동 946-6,다목적,4,200,360도전방면,30,Nov-05,02-2627-1904,37.4423258,126.907056,2019-08-26
서울특별시 금천구,서울특별시 금천구 시흥대로24길 56,서울특별시 금천구 시흥동 948-28,다목적,1,200,360도전방면,30,Nov-05,02-2627-1904,37.4412429,126.907457,2019-08-26
서울특별시 금천구,서울특별시 금천구 시흥대로36길 18-5,서울특별시 금천구 시흥동 944-17,다목적,3,200,360도전방면,30,Nov-05,02-2627-1904,37.443624,126.905253,2019-08-26
서울특별시 금천구,서울특별시 금천구 시흥대로16길 20,서울특별시 금천구 시흥동 959-9,다목적,2,200,360도전방면,30,Apr-07,02-2627-1904,37.4395852,126.905342,2019-08-26
서울특별시 금천구,서울특별시 금천구 시흥대로32길 17,서울특별시 금천구 시흥동 942-10,다목적,3,200,360도전방면,30,Apr-07,02-2627-1904,37.4428214,126.9053999,2019-08-26
서울특별시 금천구,서울특별시 금천구 독산로26길 16,서울특별시 금천구 시흥동 819-29,다목적,1,200,360도전방면,30,Dec-08,02-2627-1904,37.455894,126.9063116,2019-08-26
서울특별시 금천구,서울특별시 금천구 독산로32길 44,서울특별시 금천구 시흥동 808-8,다목적,1,200,360도전방면,30,Dec-07,02-2627-1904,37.4580844,126.907619,2019-08-26
서울특별시 금천구,서울특별시 금천구 두산로9가길 19-9,서울특별시 금천구 가산동 235-64,다목적,1,200,360도전방면,30,Dec-08,02-2627-1904,37.4726735,126.891242,2019-08-26
서울특별시 금천구,서울특별시 금천구 독산로60길 40,서울특별시 금천구 독산동 380-9,다목적,1,200,360도전방면,30,Jan-10,02-2627-1904,37.4652099,126.9050318,2019-08-26
서울특별시 금천구,서울특별시 금천구 독산로62길 43,서울특별시 금천구 독산동 378-128,다목적,4,200,360도전방면,30,Feb-13,02-2627-1904,37.4656845,126.904904,2019-08-26
서울특별시 금천구,서울특별시 금천구 시흥대로63길 72,서울특별시 금천구 시흥동 113-110,다목적,2,130,자전거보관소내,30,Jan-08,02-2627-1904,37.4559011,126.8958156,2019-08-26
서울특별시 금천구,서울특별시 금천구 시흥대로63길 91,서울특별시 금천구 시흥동 113-77,다목적,2,130,자전거보관소내,30,Jan-08,02-2627-1904,37.4557965,126.8943636,2019-08-26
서울특별시 금천구,서울특별시 금천구 시흥대로63길 91,서울특별시 금천구 시흥동 113-77,다목적,2,130,자전거보관소내,30,Jan-08,02-2627-1904,37.4557965,126.8943636,2019-08-26
서울특별시 금천구,서울특별시 금천구 범안로 1144,서울특별시 금천구 가산동 714,다목적,2,130,자전거보관소내,30,Dec-13,02-2627-1904,37.4661275,126.8890454,2019-08-26
서울특별시 금천구,서울특별시 금천구 범안로 1144,서울특별시 금천구 가산동 714,다목적,1,900,도서관내,30,Dec-13,02-2627-1904,37.4661275,126.8890454,2019-08-26
서울특별시 금천구,서울특별시 금천구 시흥대로 165 (엘리베이터1_內),서울특별시 금천구 시흥동 586-2,다목적,1,200,엘리베이터내,30,Dec-13,02-2627-1904,37.444587,126.898858,2019-08-26
서울특별시 금천구,서울특별시 금천구 시흥대로 165 (엘리베이터2_內),서울특별시 금천구 시흥동 766-1,다목적,1,200,엘리베이터내,30,Dec-13,02-2627-1904,37.4477976,126.9011945,2019-08-26
