안전비상벨관리번호,설치목적,설치장소유형,설치위치,소재지도로명주소,소재지지번주소,위도,경도,연계방식,경찰연계유무,경비업체연계유무,관리사무소연계유무,부가기능,안전비상벨설치년도,최종점검일자,최종점검결과구분,관리기관명,관리기관전화번호,데이터기준일자
1,1,1,진관동 기자촌 공원 1,,서울특별시 은평구 진관동 175 기자촌공원내,37.633574,126.937772,3,N,N,N,CCTV,2014,2019-06-30,Y,은평구청 공원녹지과,02-351-8007,2019-07-01
2,1,1,진관동 기자촌 공원 2,,서울특별시 은평구 진관동 175 기자촌공원내,37.633487,126.938743,3,N,N,N,CCTV,2014,2019-06-30,Y,은평구청 공원녹지과,02-351-8007,2019-07-01
3,1,1,진관동 기자촌 공원 3,,서울특별시 은평구 진관동 175 기자촌공원내,37.63285,126.93875,3,N,N,N,CCTV,2014,2019-06-30,Y,은평구청 공원녹지과,02-351-8007,2019-07-01
4,1,1,진관동 기자촌 공원 4,,서울특별시 은평구 진관동 175 기자촌공원내,37.632892,126.937549,3,N,N,N,CCTV,2014,2019-06-30,Y,은평구청 공원녹지과,02-351-8007,2019-07-01
5,1,1,진관동 기자촌 공원 5,,서울특별시 은평구 진관동 175 기자촌공원내,37.632416,126.936512,3,N,N,N,CCTV,2014,2019-06-30,Y,은평구청 공원녹지과,02-351-8007,2019-07-01
6,1,1,진관동 기자촌 공원 6,,서울특별시 은평구 진관동 175 기자촌공원내,37.631732,126.934947,3,N,N,N,CCTV,2014,2019-06-30,Y,은평구청 공원녹지과,02-351-8007,2019-07-01
7,1,1,진관동 기자촌 공원 7,,서울특별시 은평구 진관동 175 기자촌공원내,37.634594,126.936183,3,N,N,N,CCTV,2014,2019-06-30,Y,은평구청 공원녹지과,02-351-8007,2019-07-01
8,1,1,진관동 기자촌 공원 8,,서울특별시 은평구 진관동 175 기자촌공원내,37.63517,126.936271,3,N,N,N,CCTV,2014,2019-06-30,Y,은평구청 공원녹지과,02-351-8007,2019-07-01
9,1,1,갈현2동 327-21 궁말어린이공원1,서울특별시 은평구 서오릉로20길 15-1,서울특별시 은평구 갈현2동 327-21 (갈현동 327-113뒤),37.6168641,126.9091355,3,N,N,N,CCTV,2009,2019-06-30,Y,은평구청 공원녹지과,02-351-8007,2019-07-01
10,1,1,갈현2동 327-21 궁말어린이공원2,서울특별시 은평구 서오릉로20길 15-1,서울특별시 은평구 갈현2동 327-21 (갈현동 327-113뒤),37.6168641,126.9091355,3,N,N,N,CCTV,2009,2019-06-30,Y,은평구청 공원녹지과,02-351-8007,2019-07-01
11,1,1,갈현1동 397 연신내 물빛공원 1,서울특별시 은평구 통일로 849,서울특별시 은평구 갈현1동 397,37.61896182,126.9211644,3,N,N,N,CCTV,2012,2019-06-30,Y,은평구청 공원녹지과,02-351-8007,2019-07-01
12,1,1,갈현1동 416-3 박석어린이공원 1,,서울특별시 은평구 갈현1동 416-3,37.625081,126.918365,3,N,N,N,CCTV,2010,2019-06-30,Y,은평구청 공원녹지과,02-351-8007,2019-07-01
13,1,1,갈현1동 416-3 박석어린이공원 2,,서울특별시 은평구 갈현1동 416-3,37.625064,126.918673,3,N,N,N,CCTV,2010,2019-06-30,Y,은평구청 공원녹지과,02-351-8007,2019-07-01
14,1,5,갈현1동 434-38 서갈현어린이공원 1,,서울특별시 은평구 갈현1동 434-38,37.621378,126.915599,3,N,N,N,CCTV,2017,2019-06-30,Y,은평구청 전산정보과,02-351-6383,2019-07-01
15,1,1,갈현1동 434-38 서갈현어린이공원 2,,서울특별시 은평구 갈현1동 434-38,37.621378,126.915599,3,N,N,N,CCTV,2009,2019-06-30,Y,은평구청 공원녹지과,02-351-8007,2019-07-01
16,1,1,갈현1동 436-51 갈곡리공원 1,서울특별시 은평구 갈현로41길 7,서울특별시 은평구 갈현1동 436-51,37.62417708,126.9164194,3,N,N,N,CCTV,2012,2019-06-30,Y,은평구청 공원녹지과,02-351-8007,2019-07-01
17,1,1,갈현1동 436-51 갈곡리공원 2,서울특별시 은평구 갈현로41길 7,서울특별시 은평구 갈현1동 436-51,37.62417708,126.9164194,3,N,N,N,CCTV,2012,2019-06-30,Y,은평구청 공원녹지과,02-351-8007,2019-07-01
18,1,1,갈현2동 474-1 길마어린이공원 1,서울특별시 은평구 연서로21길 15,서울특별시 은평구 갈현2동 474-1,37.614661,126.915634,3,N,N,N,CCTV,2010,2019-06-30,Y,은평구청 공원녹지과,02-351-8007,2019-07-01
19,1,1,갈현2동 474-1 길마어린이공원 2,서울특별시 은평구 연서로21길 15,서울특별시 은평구 갈현2동 474-1,37.614689,126.9156847,3,N,N,N,CCTV,2010,2019-06-30,Y,은평구청 공원녹지과,02-351-8007,2019-07-01
20,1,1,갈현2동 513-1 좌월어린이공원 2,서울특별시 은평구 갈현로25길 11-8,서울특별시 은평구 갈현2동 513-1,37.6171264,126.9131505,3,N,N,N,CCTV,2010,2019-06-30,Y,은평구청 공원녹지과,02-351-8007,2019-07-01
21,1,1,녹번동 104-7 마을마당(도심),,서울특별시 은평구 녹번동 104-7,37.606104,126.92747,3,N,N,N,CCTV,2014,2019-06-30,Y,은평구청 공원녹지과,02-351-8007,2019-07-01
22,1,1,녹번동 158-1 새록어린이공원 1,서울특별시 은평구 은평로13길 35,서울특별시 은평구 녹번동 158-1,37.603962,126.923765,3,N,N,N,CCTV,2011,2019-06-30,Y,은평구청 공원녹지과,02-351-8007,2019-07-01
23,1,1,녹번동 158-1 새록어린이공원 2,서울특별시 은평구 은평로13길 35,서울특별시 은평구 녹번동 158-1,37.603996,126.9237282,3,N,N,N,CCTV,2011,2019-06-30,Y,은평구청 공원녹지과,02-351-8007,2019-07-01
24,1,1,녹번동 85-1 녹번서근린공원 3,,서울특별시 은평구 녹번동 85-1,37.603919,126.927553,3,N,N,N,CCTV,2013,2019-06-30,Y,은평구청 공원녹지과,02-351-8007,2019-07-01
25,1,1,호연어린이공원(녹번동 95-44 ),,서울특별시 은평구 녹번동 95-44,37.605498,126.930985,3,N,N,N,CCTV,2009,2019-06-30,Y,은평구청 공원녹지과,02-351-8007,2019-07-01
26,1,1,대조동 212 대조어린이공원 1,서울특별시 은평구 연서로22길 9-30,서울특별시 은평구 대조동 212,37.6153227,126.9197452,3,N,N,N,CCTV,2009,2019-06-30,Y,은평구청 공원녹지과,02-351-8007,2019-07-01
27,1,1,대조동 212 대조어린이공원 2,서울특별시 은평구 연서로22길 9-30,서울특별시 은평구 대조동 212,37.6153227,126.9197452,3,N,N,N,CCTV,2009,2019-06-30,Y,은평구청 공원녹지과,02-351-8007,2019-07-01
28,1,1,대조동 212 대조어린이공원 3,서울특별시 은평구 연서로22길 9-30,서울특별시 은평구 대조동 212,37.6153227,126.919751,3,N,N,N,CCTV,2009,2019-06-30,Y,은평구청 공원녹지과,02-351-8007,2019-07-01
29,1,1,불광1동 236-2(5) 불광어린이(도심),서울특별시 은평구 불광로9길 15,서울특별시 은평구 불광1동 236-5,37.6161744,126.9313533,3,N,N,N,CCTV,2014,2019-06-30,Y,은평구청 공원녹지과,02-351-8007,2019-07-01
30,1,1,불광1동 270-11 관동어린이 공원(도심),,서울특별시 은평구 불광1동 270-11,37.613618,126.929643,3,N,N,N,CCTV,2014,2019-06-30,Y,은평구청 공원녹지과,02-351-8007,2019-07-01
31,1,1,불광1동 339 연신어린이공원 1,,서울특별시 은평구 불광1동 339,37.61973,126.924984,3,N,N,N,CCTV,2010,2019-06-30,Y,은평구청 공원녹지과,02-351-8007,2019-07-01
32,1,1,불광1동 339 연신어린이공원 2,,서울특별시 은평구 불광1동 339,37.61973,126.924984,3,N,N,N,CCTV,2010,2019-06-30,Y,은평구청 공원녹지과,02-351-8007,2019-07-01
33,1,1,불광2동 444-1 새장골어린이공원,서울특별시 은평구 연서로37가길 10-12,서울특별시 은평구 불광2동 444-1,37.6250917,126.9261777,3,N,N,N,CCTV,2010,2019-06-30,Y,은평구청 공원녹지과,02-351-8007,2019-07-01
34,1,1,불광2동 444-1 새장골어린이공원,서울특별시 은평구 연서로37가길 10-12,서울특별시 은평구 불광2동 444-1,37.6250917,126.926165,3,N,N,N,CCTV,2010,2019-06-30,Y,은평구청 공원녹지과,02-351-8007,2019-07-01
35,1,1,불광2동 444-15 시내어린이공원,,서울특별시 은평구 불광2동 444-15,37.624873,126.927291,3,N,N,N,CCTV,2009,2019-06-30,Y,은평구청 공원녹지과,02-351-8007,2019-07-01
36,1,1,불광2동 444-15 시내어린이공원,,서울특별시 은평구 불광2동 444-15,37.624873,126.927291,3,N,N,N,CCTV,2009,2019-06-30,Y,은평구청 공원녹지과,02-351-8007,2019-07-01
37,1,1,불광2동 448-51 가람어린이공원,서울특별시 은평구 연서로41가길 30-8,서울특별시 은평구 불광2동 448-51,37.626386,126.9252039,3,N,N,N,CCTV,2010,2019-06-30,Y,은평구청 공원녹지과,02-351-8007,2019-07-01
38,1,1,불광2동 69 연신초교 마을마당(도심),,서울특별시 은평구 불광2동 69,37.626808,126.928711,3,N,N,N,CCTV,2014,2019-06-30,Y,은평구청 공원녹지과,02-351-8007,2019-07-01
39,1,1,불광1동 산42-5내 북한산생태공원,,서울특별시 은평구 불광1동 산42-5,37.611377,126.94004,3,N,N,N,CCTV,2012,2019-06-30,Y,은평구청 공원녹지과,02-351-8007,2019-07-01
40,1,1,수색동 산21-1 봉산공원,서울특별시 은평구 은평터널로 43-45(공원안쪽),서울특별시 은평구 수색동 산21-1 봉산공원,37.5861105,126.8983028,3,N,N,N,CCTV,2012,2019-06-30,Y,은평구청 공원녹지과,02-351-8007,2019-07-01
41,1,1,신사2동 237-177 개나리어린이공원 1,,서울특별시 은평구 신사2동 237-177,37.595396,126.904752,3,N,N,N,CCTV,2009,2019-06-30,Y,은평구청 공원녹지과,02-351-8007,2019-07-01
42,1,1,신사2동 237-177 개나리어린이공원 2,,서울특별시 은평구 신사2동 237-177,37.595551,126.904724,3,N,N,N,CCTV,2019,2019-06-30,Y,은평구청 공원녹지과,02-351-8007,2019-07-01
43,1,1,신사2동 237-177 개나리어린이공원 3,,서울특별시 은평구 신사2동 237-177,37.595677,126.904142,3,N,N,N,CCTV,2009,2019-06-30,Y,은평구청 공원녹지과,02-351-8007,2019-07-01
44,1,1,신사1동 31-2 신흥어린이공원 1,서울특별시 은평구 증산로21길 25,서울특별시 은평구 신사1동 31-2,37.5959457,126.9119537,3,N,N,N,CCTV,2019,2019-06-30,Y,은평구청 공원녹지과,02-351-8007,2019-07-01
45,1,1,신사1동 5-21 새락골어린이공원 1,서울특별시 은평구 은평로3가길 34,서울특별시 은평구 신사1동 5-21,37.5989141,126.9113115,3,N,N,N,CCTV,2011,2019-06-30,Y,은평구청 공원녹지과,02-351-8007,2019-07-01
46,1,1,신사1동 5-21 새락골어린이공원 2,서울특별시 은평구 은평로3가길 34,서울특별시 은평구 신사1동 5-21,37.5989141,126.9113115,3,N,N,N,CCTV,2011,2019-06-30,Y,은평구청 공원녹지과,02-351-8007,2019-07-01
47,1,1,신사2동 98-46 유아체험숲 3,,서울특별시 은평구 신사2동 98-46,37.592573,126.909394,3,N,N,N,CCTV,2018,2019-06-30,Y,은평구청 공원녹지과,02-351-8007,2019-07-01
48,1,1,신사2동 98-46 유아체험숲 4,,서울특별시 은평구 신사2동 98-46,37.592884,126.90934,3,N,N,N,CCTV,2018,2019-06-30,Y,은평구청 공원녹지과,02-351-8007,2019-07-01
49,1,1,신사2동 98-46 유아체험숲 5,,서울특별시 은평구 신사2동 98-46,37.592715,126.909631,3,N,N,N,CCTV,2018,2019-06-30,Y,은평구청 공원녹지과,02-351-8007,2019-07-01
50,1,1,신사2동 산80-58 신사어린이놀이터 2,,서울특별시 은평구 신사2동 산80-58,37.591473,126.9085,3,N,N,N,CCTV,2011,2019-06-30,Y,은평구청 공원녹지과,02-351-8007,2019-07-01
51,1,1,역촌동 32-36 연서어린이공원 1,서울특별시 은평구 연서로6길 8-1,서울특별시 은평구 역촌동 32-36,37.604083,126.9166505,3,N,N,N,CCTV,2013,2019-06-30,Y,은평구청 공원녹지과,02-351-8007,2019-07-01
52,1,1,역촌동 39-2 역마을어린이공원 1,,서울특별시 은평구 역촌동 39-2,37.601143,126.9186737,3,N,N,N,CCTV,2009,2019-06-30,Y,은평구청 공원녹지과,02-351-8007,2019-07-01
53,1,1,역촌동 39-2 역마을어린이공원 2,,서울특별시 은평구 역촌동 39-2,37.60118182,126.9186737,3,N,N,N,CCTV,2009,2019-06-30,Y,은평구청 공원녹지과,02-351-8007,2019-07-01
54,1,1,역촌동 47-1 역말어린이공원 1,서울특별시 은평구 갈현로14길 32,서울특별시 은평구 역촌동 47-1,37.6068764,126.9142375,3,N,N,N,CCTV,2009,2019-06-30,Y,은평구청 공원녹지과,02-351-8007,2019-07-01
55,1,1,역촌동 47-1 역말어린이공원 2,서울특별시 은평구 갈현로14길 32,서울특별시 은평구 역촌동 47-1,37.6068764,126.9142375,3,N,N,N,CCTV,2009,2019-06-30,Y,은평구청 공원녹지과,02-351-8007,2019-07-01
56,1,1,역촌동 8-11 인조유기비,,서울특별시 은평구 역촌동 8-11,37.608471,126.916411,3,N,N,N,CCTV,2013,2019-06-30,Y,은평구청 공원녹지과,02-351-8007,2019-07-01
57,1,1,응암1동 115-25 포수동어린이공원 1,,서울특별시 은평구 응암1동 115-25,37.598214,126.919517,3,N,N,N,CCTV,2019,2019-06-30,Y,은평구청 공원녹지과,02-351-8007,2019-07-01
58,1,1,응암1동 115-25 포수동어린이공원 2,,서울특별시 은평구 응암1동 115-25,37.598078,126.91931,3,N,N,N,CCTV,2019,2019-06-30,Y,은평구청 공원녹지과,02-351-8007,2019-07-01
59,1,1,응암3동 120-22 참다래어린이공원,서울특별시 은평구 응암로25길 8,서울특별시 은평구 응암3동 120-22,37.59529922,126.917374,3,N,N,N,CCTV,2010,2019-06-30,Y,은평구청 공원녹지과,02-351-8007,2019-07-01
60,1,1,응암3동 120-22 참다래어린이공원,서울특별시 은평구 응암로25길 8,서울특별시 은평구 응암3동 120-22,37.59529922,126.917374,3,N,N,N,CCTV,2010,2019-06-30,Y,은평구청 공원녹지과,02-351-8007,2019-07-01
61,1,1,응암2동 427-76 마을마당(도심),서울특별시 은평구 응암로22길 9-9 앞,서울특별시 은평구 응암2동 427-76,37.594375,126.919492,3,N,N,N,CCTV,2014,2019-06-30,Y,은평구청 공원녹지과,02-351-8007,2019-07-01
62,1,1,응암2동 670-25 응암9구역어린이공원 1,서울특별시 은평구 백련산로10 옆 공원,서울특별시 은평구 응암2동 670-25,37.586598,126.922971,3,N,N,N,CCTV,2012,2019-06-30,Y,은평구청 공원녹지과,02-351-8007,2019-07-01
63,1,1,응암2동 670-25 응암9구역어린이공원 2,서울특별시 은평구 백련산로10 옆 공원,서울특별시 은평구 응암2동 670-25,37.586951,126.922974,3,N,N,N,CCTV,2012,2019-06-30,Y,은평구청 공원녹지과,02-351-8007,2019-07-01
64,1,1,응암2동 670-25 응암9구역어린이공원 3,서울특별시 은평구 백련산로10 옆 공원,서울특별시 은평구 응암2동 670-25,37.587213,126.923381,3,N,N,N,CCTV,2012,2019-06-30,Y,은평구청 공원녹지과,02-351-8007,2019-07-01
65,1,1,응암3동 751-24(22) 다래어린이공원 1,서울특별시 은평구 응암로12길 26 옆,서울특별시 은평구 응암3동 751-22,37.58715,126.918974,3,N,N,N,CCTV,2011,2019-06-30,Y,은평구청 공원녹지과,02-351-8007,2019-07-01
66,1,1,응암3동 751-24(22) 다래어린이공원 2,서울특별시 은평구 응암로12길 26 옆,서울특별시 은평구 응암3동 751-22,37.587011,126.919016,3,N,N,N,CCTV,2011,2019-06-30,Y,은평구청 공원녹지과,02-351-8007,2019-07-01
67,1,1,응암1동 85-41 응암어린이 공원(도심),,서울특별시 은평구 응암1동 85-41,37.601502,126.923449,3,N,N,N,CCTV,2014,2019-06-30,Y,은평구청 공원녹지과,02-351-8007,2019-07-01
68,1,1,응암2동 산6-48 백련공원내놀이터 1,서울특별시 은평구 백련산로4길 26,서울특별시 은평구 응암2동 산6-48,37.5942926,126.926544,3,N,N,N,CCTV,2009,2019-06-30,Y,은평구청 공원녹지과,02-351-8007,2019-07-01
69,1,1,응암2동 산6-48 백련공원내놀이터 2,서울특별시 은평구 백련산로4길 26,서울특별시 은평구 응암2동 산6-48,37.594223,126.926544,3,N,N,N,CCTV,2009,2019-06-30,Y,은평구청 공원녹지과,02-351-8007,2019-07-01
70,1,1,응암2동 산6-48 백련공원내놀이터 3,서울특별시 은평구 백련산로4길 26,서울특별시 은평구 응암2동 산6-48,37.5942926,126.926544,3,N,N,N,CCTV,2009,2019-06-30,Y,은평구청 공원녹지과,02-351-8007,2019-07-01
71,1,1,증산동 163-34 분토골어린이공원 1,,서울특별시 은평구 증산동 163-34,37.58683316,126.9118779,3,N,N,N,CCTV,2009,2019-06-30,Y,은평구청 공원녹지과,02-351-8007,2019-07-01
72,1,1,증산동 163-34 분토골어린이공원 2,,서울특별시 은평구 증산동 163-34,37.58683316,126.9118779,3,N,N,N,CCTV,2009,2019-06-30,Y,은평구청 공원녹지과,02-351-8007,2019-07-01
73,1,1,신사2동 300-153 자투리공원,서울특별시 은평구 은평터널로7가길 13 옆 공원,서울특별시 은평구 신사2동 300-153,37.591631,126.902586,3,N,N,N,CCTV,2013,2019-06-30,Y,은평구청 공원녹지과,02-351-8007,2019-07-01
74,1,1,증산동 185-1 시루매어린이공원 2,서울특별시 은평구 증산로5길 13,서울특별시 은평구 증산동 185-1,37.5829941,126.906552,3,N,N,N,CCTV,2013,2019-06-30,Y,은평구청 공원녹지과,02-351-8007,2019-07-01
75,1,1,증산동 산18-6 증산체육공원,서울특별시 은평구 증산로5길 35-27,서울특별시 은평구 증산동 산18-6,37.5843135,126.9032884,3,N,N,N,CCTV,2012,2019-06-30,Y,은평구청 공원녹지과,02-351-8007,2019-07-01
76,1,1,증산동 산18-6(공원-1) 1 (증산동 산21-6),서울특별시 은평구 증산로5길 35-27,서울특별시 은평구 증산동 산18-6,37.5843135,126.9032884,3,N,N,N,CCTV,2014,2019-06-30,Y,은평구청 공원녹지과,02-351-8007,2019-07-01
77,1,1,증산동 산18-6(공원-2) 1 (증산동 산21-6),서울특별시 은평구 증산로5길 35-27,서울특별시 은평구 증산동 산18-6,37.5843135,126.9032884,3,N,N,N,CCTV,2014,2019-06-30,Y,은평구청 공원녹지과,02-351-8007,2019-07-01
78,1,1,진관동 218-27 진관근린공원(도심) 1,,서울특별시 은평구 진관동 218-27,37.635551,126.9302,3,N,N,N,CCTV,2014,2019-06-30,Y,은평구청 공원녹지과,02-351-8007,2019-07-01
79,1,1,진관동 218-27 진관근린공원(도심) 2,,서울특별시 은평구 진관동 218-27,37.635188,126.930211,3,N,N,N,CCTV,2014,2019-06-30,Y,은평구청 공원녹지과,02-351-8007,2019-07-01
80,1,1,진관동 산110-17 1,,서울특별시 은평구 진관동 산110-17,37.629762,126.916429,3,N,N,N,CCTV,2013,2019-06-30,Y,은평구청 공원녹지과,02-351-8007,2019-07-01
81,1,5,갈현1동 12-22 신창슈퍼 앞(방범),서울특별시 은평구 갈현로45길 26,서울특별시 은평구 갈현1동 12-22,37.627531,126.916353,3,N,N,N,CCTV,2008,2019-06-30,Y,은평구청 전산정보과,02-351-6383,2019-07-01
82,1,5,구산동 363-2 건영마트(방범),서울특별시 은평구 서오릉로17길 15,서울특별시 은평구 구산동 363-2,37.6136315,126.908485,3,N,N,N,CCTV,2008,2019-06-30,Y,은평구청 전산정보과,02-351-6383,2019-07-01
83,1,5,갈현1동 405-16 풍뎅이미술학원,서울특별시 은평구 갈현로36길 12,서울특별시 은평구 갈현1동 405-16,37.621542,126.9178714,3,N,N,N,CCTV,2008,2019-06-30,Y,은평구청 전산정보과,02-351-6383,2019-07-01
84,1,5,갈현1동 433-36 한그루 독서실(방범),서울특별시 은평구 갈현로33길 10-1,서울특별시 은평구 갈현1동 433-36,37.6206734,126.9151798,3,N,N,N,CCTV,2008,2019-06-30,Y,은평구청 전산정보과,02-351-6383,2019-07-01
85,1,5,갈현2동 476-28 싱싱마트 맞은편(방범),서울특별시 은평구 연서로21길 14,서울특별시 은평구 갈현2동 476-28,37.6148313,126.9163656,3,N,N,N,CCTV,2008,2019-06-30,Y,은평구청 전산정보과,02-351-6383,2019-07-01
86,1,5,갈현2동 515-20 수정빌라 앞(방범),서울특별시 은평구 갈현로25길 20,서울특별시 은평구 갈현2동 515-20,37.617765,126.9129591,3,N,N,N,CCTV,2008,2019-06-30,Y,은평구청 전산정보과,02-351-6383,2019-07-01
87,1,5,구산동 14-32 은평중학교(방범),서울특별시 은평구 갈현로17나길 13,서울특별시 은평구 구산동 15-34,37.610486,126.9104199,3,N,N,N,CCTV,2008,2019-06-30,Y,은평구청 전산정보과,02-351-6383,2019-07-01
88,1,5,구산동 198-7 거성그린빌라(방범),서울특별시 은평구 서오릉로13길 3,서울특별시 은평구 구산동 198-7,37.6124201,126.9138125,3,N,N,N,CCTV,2008,2019-06-30,Y,은평구청 전산정보과,02-351-6383,2019-07-01
89,1,5,구산동 23-33 제안약국 앞(방범),서울특별시 은평구 연서로11길 19,서울특별시 은평구 구산동 23-33,37.6083851,126.9131996,3,N,N,N,CCTV,2008,2019-06-30,Y,은평구청 전산정보과,02-351-6383,2019-07-01
90,1,5,녹번동 118-50 멕시칸치킨 앞(방범),서울특별시 은평구 녹번로9길 18,서울특별시 은평구 녹번동 118-50,37.607682,126.9297999,3,N,N,N,CCTV,2008,2019-06-30,Y,은평구청 전산정보과,02-351-6383,2019-07-01
91,1,5,녹번동 151-64 둘리분식 앞(방범),서울특별시 은평구 서오릉로4길 27,서울특별시 은평구 녹번동 151-64,37.606272,126.926351,3,N,N,N,CCTV,2008,2019-06-30,Y,은평구청 전산정보과,02-351-6383,2019-07-01
92,1,5,녹번동 29-49 삼보그린빌 앞(방범),서울특별시 은평구 통일로59길 13,서울특별시 은평구 녹번동 29-49,37.6050317,126.932695,3,N,N,N,CCTV,2008,2019-06-30,Y,은평구청 전산정보과,02-351-6383,2019-07-01
93,1,5,대조동 190-30(방범),서울특별시 은평구 역말로9길 22,서울특별시 은평구 대조동 190-30,37.612963,126.9221064,3,N,N,N,CCTV,2008,2019-06-30,Y,은평구청 전산정보과,02-351-6383,2019-07-01
94,1,5,대조동 49-1(방범),서울특별시 은평구 서오릉로10길 12-10,서울특별시 은평구 대조동 49-1,37.61089,126.9204376,3,N,N,N,CCTV,2008,2019-06-30,Y,은평구청 전산정보과,02-351-6383,2019-07-01
95,1,5,대조동 71-1 새마을금고 앞(방범),서울특별시 은평구 진흥로13길 15,서울특별시 은평구 대조동 71-1,37.6095958,126.9247832,3,N,N,N,CCTV,2008,2019-06-30,Y,은평구청 전산정보과,02-351-6383,2019-07-01
96,1,5,불광1동 221-31(방범),서울특별시 은평구 불광로13가길 8,서울특별시 은평구 불광1동 221-31,37.618021,126.931948,3,N,N,N,CCTV,2008,2019-06-30,Y,은평구청 전산정보과,02-351-6383,2019-07-01
97,1,5,불광1동 244-9 우리슈퍼(방범),서울특별시 은평구 통일로68길 38,서울특별시 은평구 불광1동 244-9,37.614488,126.930956,3,N,N,N,CCTV,2008,2019-06-30,Y,은평구청 전산정보과,02-351-6383,2019-07-01
98,1,5,불광1동 295-14 현대할인마트(방범),서울특별시 은평구 통일로72길 17,서울특별시 은평구 불광1동 295-14,37.6172835,126.925095,3,N,N,N,CCTV,2008,2019-06-30,Y,은평구청 전산정보과,02-351-6383,2019-07-01
99,1,5,불광2동 310-12 함흥냉면 주차장(방범),서울특별시 은평구 연서로31길 7,서울특별시 은평구 불광2동 310-12,37.6206668,126.9234106,3,N,N,N,CCTV,2008,2019-06-30,Y,은평구청 전산정보과,02-351-6383,2019-07-01
100,1,5,불광2동 346-61 뉴타운파크빌(방범),서울특별시 은평구 연서로34가길 8,서울특별시 은평구 불광2동 346-61,37.6204352,126.9279529,3,N,N,N,CCTV,2008,2019-06-30,Y,은평구청 전산정보과,02-351-6383,2019-07-01
101,1,5,불광2동 484-88 우리공인중개사(방범),서울특별시 은평구 통일로88길 12,서울특별시 은평구 불광2동 484-88,37.6237811,126.921086,3,N,N,N,CCTV,2008,2019-06-30,Y,은평구청 전산정보과,02-351-6383,2019-07-01
102,1,5,불광2동 81-3 연신초교 후문(방범),서울특별시 은평구 연서로41길 14,서울특별시 은평구 불광2동 81-3,37.626268,126.927683,3,N,N,N,CCTV,2008,2019-06-30,Y,은평구청 전산정보과,02-351-6383,2019-07-01
103,1,5,수색동 321-8 은혜슈퍼(방범),서울특별시 은평구 수색로22길 10,서울특별시 은평구 수색동 321-8,37.5862688,126.8895166,3,N,N,N,CCTV,2008,2019-06-30,Y,은평구청 전산정보과,02-351-6383,2019-07-01
104,1,5,신사2동 237-117 금성슈퍼건너편(방범),서울특별시 은평구 가좌로11나길 22,서울특별시 은평구 신사2동 237-117,37.596368,126.905394,3,N,N,N,CCTV,2008,2019-06-30,Y,은평구청 전산정보과,02-351-6383,2019-07-01
105,1,5,신사1동 3-26 거성빌라트(방범),서울특별시 은평구 은평로3가길 21,서울특별시 은평구 신사1동 3-26,37.598994,126.9126109,3,N,N,N,CCTV,2008,2019-06-30,Y,은평구청 전산정보과,02-351-6383,2019-07-01
106,1,5,신사1동 33-7 수양아트빌 맞은편(방범),서울특별시 은평구 증산로19길 10,서울특별시 은평구 신사1동 33-7,37.5947547,126.9134284,3,N,N,N,CCTV,2008,2019-06-30,Y,은평구청 전산정보과,02-351-6383,2019-07-01
107,1,5,신사2동 341-2 솔로몬부동산(방범),서울특별시 은평구 증산로17가길 1,서울특별시 은평구 신사2동 341-2 (신사동 349-20앞),37.5905359,126.911854,3,N,N,N,CCTV,2008,2019-06-30,Y,은평구청 전산정보과,02-351-6383,2019-07-01
108,1,5,신사2동 98-41 리우빌라트(방범),서울특별시 은평구 증산로 401-20,서울특별시 은평구 신사2동 98-41,37.5918684,126.9125215,3,N,N,N,CCTV,2008,2019-06-30,Y,은평구청 전산정보과,02-351-6383,2019-07-01
109,1,5,역촌동 29-1 서안에이스빌 앞(방범),서울특별시 은평구 진흥로7길 13-2,서울특별시 은평구 역촌동 29-1,37.6042967,126.920178,3,N,N,N,CCTV,2008,2019-06-30,Y,은평구청 전산정보과,02-351-6383,2019-07-01
110,1,5,역촌동 34-19 영분식 옆(방범),서울특별시 은평구 연서로4길 7,서울특별시 은평구 역촌동 34-19,37.602524,126.916801,3,N,N,N,CCTV,2008,2019-06-30,Y,은평구청 전산정보과,02-351-6383,2019-07-01
111,1,5,역촌동 49-33 현대아트빌라(방범),서울특별시 은평구 갈현로14길 17,서울특별시 은평구 역촌동 49-33,37.606914,126.9124603,3,N,N,N,CCTV,2008,2019-06-30,Y,은평구청 전산정보과,02-351-6383,2019-07-01
112,1,5,역촌동 68-1 건우주택 앞(방범),서울특별시 은평구 연서로3나길 11,서울특별시 은평구 역촌동 68-1,37.60328,126.9128647,3,N,N,N,CCTV,2008,2019-06-30,Y,은평구청 전산정보과,02-351-6383,2019-07-01
113,1,5,역촌동 75-16,서울특별시 은평구 갈현로7길 13,서울특별시 은평구 역촌동 75-16,37.6037694,126.9089292,3,N,N,N,CCTV,2008,2019-06-30,Y,은평구청 전산정보과,02-351-6383,2019-07-01
114,1,5,응암1동 101-1 그린마트(방범),서울특별시 은평구 은평로10길 20,서울특별시 은평구 응암1동 101-1,37.5989849,126.923985,3,N,N,N,CCTV,2008,2019-06-30,Y,은평구청 전산정보과,02-351-6383,2019-07-01
115,1,5,응암1동 115-3 영미음식마트(방범),서울특별시 은평구 은평로8길 18,서울특별시 은평구 응암1동 115-3,37.598881,126.9200321,3,N,N,N,CCTV,2008,2019-06-30,Y,은평구청 전산정보과,02-351-6383,2019-07-01
116,1,5,응암3동 123-41 유니트 디자인(방범),서울특별시 은평구 응암로25길 11-1,서울특별시 은평구 응암3동 123-41,37.5951765,126.9169746,3,N,N,N,CCTV,2008,2019-06-30,Y,은평구청 전산정보과,02-351-6383,2019-07-01
117,1,5,응암2동 227-22 청록아파트(방범),서울특별시 은평구 백련산로4길 14,서울특별시 은평구 응암2동 227-22,37.5946381,126.9244085,3,N,N,N,CCTV,2008,2019-06-30,Y,은평구청 전산정보과,02-351-6383,2019-07-01
118,1,5,응암2동 419-134  준헤어샵(어린이) (안내판 :응암동 427-16 ),서울특별시 은평구 응암로24길 14,서울특별시 은평구 응암2동 419-134 앞,37.5942598,126.9197927,3,N,N,N,CCTV,2008,2019-06-30,Y,은평구청 전산정보과,02-351-6383,2019-07-01
119,1,5,응암3동 584-1 성운홈타운(방범),서울특별시 은평구 가좌로10길 11-1,서울특별시 은평구 응암3동 584-1,37.591886,126.9164837,3,N,N,N,CCTV,2008,2019-06-30,Y,은평구청 전산정보과,02-351-6383,2019-07-01
120,1,5,응암3동 590-31 동일수퍼(방범),서울특별시 은평구 가좌로9길 15,서울특별시 은평구 응암3동 590-31,37.589688,126.91522,3,N,N,N,CCTV,2008,2019-06-30,Y,은평구청 전산정보과,02-351-6383,2019-07-01
121,1,5,응암3동 598-13 대가집홍어(방범),서울특별시 은평구 응암로9길 4,서울특별시 은평구 응암3동 598-13,37.5875056,126.9160384,3,N,N,N,CCTV,2008,2019-06-30,Y,은평구청 전산정보과,02-351-6383,2019-07-01
122,1,5,응암1동 81-148 홍은그린파크(방범),서울특별시 은평구 은평로14길 22,서울특별시 은평구 응암1동 81-148,37.5995277,126.9285395,3,N,N,N,CCTV,2008,2019-06-30,Y,은평구청 전산정보과,02-351-6383,2019-07-01
123,1,5,증산동 172-31 예원스위트빌(방범),서울특별시 은평구 증산로7길 11,서울특별시 은평구 증산동 172-31,37.583929,126.90788,3,N,N,N,CCTV,2008,2019-06-30,Y,은평구청 전산정보과,02-351-6383,2019-07-01
124,1,5,증산동 193-36 독서논술클럽(방범),서울특별시 은평구 증산로11길 21-1,서울특별시 은평구 증산동 193-36,37.587752,126.910172,3,N,N,N,CCTV,2008,2019-06-30,Y,은평구청 전산정보과,02-351-6383,2019-07-01
125,1,5,역촌동 25-119 (안심마을),서울특별시 은평구 진흥로7가길 3-11,서울특별시 은평구 역촌동 25-119,37.60478,126.9195875,3,N,N,N,CCTV,2014,2019-06-30,Y,은평구청 전산정보과,02-351-6383,2019-07-01
126,1,5,역촌동 25-53 (안심마을) (고정),서울특별시 은평구 진흥로9길 21-4,서울특별시 은평구 역촌동 25-53,37.605883,126.919706,3,N,N,N,CCTV,2014,2019-06-30,Y,은평구청 전산정보과,02-351-6383,2019-07-01
127,1,5,갈현2동 110-12 갈현초교 정문(어린이),서울특별시 은평구 연서로27길 25-1,서울특별시 은평구 갈현2동 110-12,37.6184424,126.9166,3,N,N,N,CCTV,2010,2019-06-30,Y,은평구청 전산정보과,02-351-6383,2019-07-01
128,1,5,갈현2동 258-9 선일학교 진입(어린이),서울특별시 은평구 갈현로29길 30,서울특별시 은평구 갈현2동 258-9,37.6207561,126.91281,3,N,N,N,CCTV,2010,2019-06-30,Y,은평구청 전산정보과,02-351-6383,2019-07-01
129,1,5,구산동 355-15 (어린이),서울특별시 은평구 서오릉로21길 26,서울특별시 은평구 구산동 355-15,37.6140569,126.9064615,3,N,N,N,CCTV,2010,2019-06-30,Y,은평구청 전산정보과,02-351-6383,2019-07-01
130,1,5,갈현1동 430-17(어린이),서울특별시 은평구 통일로83길 23,서울특별시 은평구 갈현1동 430-17,37.6205661,126.9172305,3,N,N,N,CCTV,2010,2019-06-30,Y,은평구청 전산정보과,02-351-6383,2019-07-01
131,1,5,갈현2동 451-18 갈현초교 후문(어린이),서울특별시 은평구 연서로29길 35,서울특별시 은평구 갈현2동 451-18,37.619898,126.9164158,3,N,N,N,CCTV,2010,2019-06-30,Y,은평구청 전산정보과,02-351-6383,2019-07-01
132,1,5,갈현2동 452-29(어린이),서울특별시 은평구 연서로29길 21,서울특별시 은평구 갈현2동 452-29,37.6193246,126.9178285,3,N,N,N,CCTV,2010,2019-06-30,Y,은평구청 전산정보과,02-351-6383,2019-07-01
133,1,5,갈현2동 461-16(어린이),서울특별시 은평구 연서로25길 5,서울특별시 은평구 갈현2동 461-16,37.6165181,126.918021,3,N,N,N,CCTV,2010,2019-06-30,Y,은평구청 전산정보과,02-351-6383,2019-07-01
134,1,5,갈현2동 480-1(어린이),서울특별시 은평구 연서로25길 17,서울특별시 은평구 갈현2동 480-1,37.6170064,126.916987,3,N,N,N,CCTV,2010,2019-06-30,Y,은평구청 전산정보과,02-351-6383,2019-07-01
135,1,5,갈현2동 513-4(어린이),서울특별시 은평구 갈현로23길 14,서울특별시 은평구 갈현2동 513-4,37.61682,126.9126833,3,N,N,N,CCTV,2010,2019-06-30,Y,은평구청 전산정보과,02-351-6383,2019-07-01
136,1,5,갈현2동 521-28 노상(어린이),서울특별시 은평구 갈현로19길 12,서울특별시 은평구 갈현2동 521-28,37.61531,126.9115504,3,N,N,N,CCTV,2010,2019-06-30,Y,은평구청 전산정보과,02-351-6383,2019-07-01
137,1,5,갈현2동 522-6 (어린이),서울특별시 은평구 갈현로23길 33-1,서울특별시 은평구 갈현2동 522-6,37.6179814,126.91096,3,N,N,N,CCTV,2010,2019-06-30,Y,은평구청 전산정보과,02-351-6383,2019-07-01
138,1,5,구산동 147-7 구산초교 옆길(어린이),서울특별시 은평구 서오릉로17길 15-19,서울특별시 은평구 구산동 147-7,37.6129639,126.908966,3,N,N,N,CCTV,2010,2019-06-30,Y,은평구청 전산정보과,02-351-6383,2019-07-01
139,1,5,구산동 167-11 구현초교 옆길(어린이),서울특별시 은평구 갈현로15길 42,서울특별시 은평구 구산동 167-11,37.609116,126.9071706,3,N,N,N,CCTV,2010,2019-06-30,Y,은평구청 전산정보과,02-351-6383,2019-07-01
140,1,5,구산동 177-78(어린이),서울특별시 은평구 갈현로11가길 10,서울특별시 은평구 구산동 177-78,37.605979,126.9085082,3,N,N,N,CCTV,2010,2019-06-30,Y,은평구청 전산정보과,02-351-6383,2019-07-01
141,1,5,구산동 188-27 보성넥스빌 앞(어린이),서울특별시 은평구 갈현로15길 12-11,서울특별시 은평구 구산동 188-27,37.6083884,126.9092582,3,N,N,N,CCTV,2010,2019-06-30,Y,은평구청 전산정보과,02-351-6383,2019-07-01
142,1,5,구산동 209-1 구산초교 정문(어린이),서울특별시 은평구 서오릉로15길 7,서울특별시 은평구 구산동 209-1,37.6135799,126.9099288,3,N,N,N,CCTV,2010,2019-06-30,Y,은평구청 전산정보과,02-351-6383,2019-07-01
143,1,5,구산동 211-4 구산초교 옆길(어린이),서울특별시 은평구 갈현로17가길 12,서울특별시 은평구 구산동 211-4,37.612692,126.910927,3,N,N,N,CCTV,2010,2019-06-30,Y,은평구청 전산정보과,02-351-6383,2019-07-01
144,1,5,구산동 21-56(어린이),서울특별시 은평구 연서로9길 6,서울특별시 은평구 구산동 21-56,37.6075141,126.9145023,3,N,N,N,CCTV,2010,2019-06-30,Y,은평구청 전산정보과,02-351-6383,2019-07-01
145,1,5,구산동 216-25(어린이),서울특별시 은평구 연서로15길 46,서울특별시 은평구 구산동 216-25,37.612315,126.9121876,3,N,N,N,CCTV,2010,2019-06-30,Y,은평구청 전산정보과,02-351-6383,2019-07-01
146,1,5,구산동 3-38 우민인터빌앞(어린이),서울특별시 은평구 서오릉로11길 15,서울특별시 은평구 구산동 3-38,37.6111333,126.9147804,3,N,N,N,CCTV,2010,2019-06-30,Y,은평구청 전산정보과,02-351-6383,2019-07-01
147,1,5,구산동 9-41 예일초교 옆길(어린이),서울특별시 은평구 연서로13길 32,서울특별시 은평구 구산동 9-41,37.61036,126.912628,3,N,N,N,CCTV,2010,2019-06-30,Y,은평구청 전산정보과,02-351-6383,2019-07-01
148,1,5,녹번동 103-18 CU편의점 옆(어린이),서울특별시 은평구 녹번로1길 25,서울특별시 은평구 녹번동 103-18,37.6055479,126.9271994,3,N,N,N,CCTV,2010,2019-06-30,Y,은평구청 전산정보과,02-351-6383,2019-07-01
149,1,5,녹번동 168-2(어린이),서울특별시 은평구 서오릉로4길 18-1,서울특별시 은평구 녹번동 168-2,37.605584,126.926024,3,N,N,N,CCTV,2010,2019-06-30,Y,은평구청 전산정보과,02-351-6383,2019-07-01
150,1,5,녹번동 174 녹번초교후문(어린이),서울특별시 은평구 녹번로1길 1,서울특별시 은평구 녹번동 174,37.604291,126.926111,3,N,N,N,CCTV,2010,2019-06-30,Y,은평구청 전산정보과,02-351-6383,2019-07-01
151,1,5,녹번동 31-11(어린이),서울특별시 은평구 통일로57길 7,서울특별시 은평구 녹번동 31-11,37.6045352,126.9338675,3,N,N,N,CCTV,2010,2019-06-30,Y,은평구청 전산정보과,02-351-6383,2019-07-01
152,1,5,녹번동 45-7 은평초교 옆길(어린이),서울특별시 은평구 은평로21길 3,서울특별시 은평구 녹번동 45-7,37.6013264,126.9336415,3,N,N,N,CCTV,2010,2019-06-30,Y,은평구청 전산정보과,02-351-6383,2019-07-01
153,1,5,녹번동 76-22(어린이),서울특별시 은평구 은평로21길 24,서울특별시 은평구 녹번동 76-22,37.6022237,126.9318382,3,N,N,N,CCTV,2010,2019-06-30,Y,은평구청 전산정보과,02-351-6383,2019-07-01
154,1,5,녹번동 86-94(어린이),서울특별시 은평구 녹번로4길 13,서울특별시 은평구 녹번동 86-94,37.6048035,126.930952,3,N,N,N,CCTV,2010,2019-06-30,Y,은평구청 전산정보과,02-351-6383,2019-07-01
155,1,5,대조동 194-27(어린이),서울특별시 은평구 연서로26길 23,서울특별시 은평구 대조동 194-27,37.616061,126.921534,3,N,N,N,CCTV,2010,2019-06-30,Y,은평구청 전산정보과,02-351-6383,2019-07-01
156,1,5,대조동 215-28 한울종합수리(어린이),서울특별시 은평구 연서로20길 17,서울특별시 은평구 대조동 215-28,37.614035,126.919851,3,N,N,N,CCTV,2010,2019-06-30,Y,은평구청 전산정보과,02-351-6383,2019-07-01
157,1,5,대조동 224-1 대조초교 앞(어린이),서울특별시 은평구 연서로18길 4-1,서울특별시 은평구 대조동 224-1,37.6121683,126.9179877,3,N,N,N,CCTV,2010,2019-06-30,Y,은평구청 전산정보과,02-351-6383,2019-07-01
158,1,5,대조동 3-55 대은초교정문(어린이),서울특별시 은평구 통일로69길 11,서울특별시 은평구 대조동 3-55,37.611392,126.927322,3,N,N,N,CCTV,2010,2019-06-30,Y,은평구청 전산정보과,02-351-6383,2019-07-01
159,1,5,대조동 55-12(어린이),서울특별시 은평구 서오릉로8길 5,서울특별시 은평구 대조동 55-12,37.608076,126.922269,3,N,N,N,CCTV,2010,2019-06-30,Y,은평구청 전산정보과,02-351-6383,2019-07-01
160,1,5,대조동 76-35(어린이),서울특별시 은평구 통일로69길 28-19,서울특별시 은평구 대조동 76-35,37.6111506,126.925138,3,N,N,N,CCTV,2010,2019-06-30,Y,은평구청 전산정보과,02-351-6383,2019-07-01
161,1,5,대조동 88-198(어린이),서울특별시 은평구 통일로71가길 25-1,서울특별시 은평구 대조동 88-198,37.6124215,126.92453,3,N,N,N,CCTV,2010,2019-06-30,Y,은평구청 전산정보과,02-351-6383,2019-07-01
162,1,5,대조동 89-1 샘물교회(어린이),서울특별시 은평구 역말로10길 8-1,서울특별시 은평구 대조동 89-1,37.610983,126.9224667,3,N,N,N,CCTV,2010,2019-06-30,Y,은평구청 전산정보과,02-351-6383,2019-07-01
163,1,5,불광2동 100-7 수성맨션 옆(어린이),서울특별시 은평구 연서로37길 46,서울특별시 은평구 불광2동 100-7,37.625014,126.9278048,3,N,N,N,CCTV,2010,2019-06-30,Y,은평구청 전산정보과,02-351-6383,2019-07-01
164,1,5,불광2동 105-57 부흥슈퍼앞(어린이),서울특별시 은평구 연서로40길 12,서울특별시 은평구 불광2동 105-57,37.6231304,126.92897,3,N,N,N,CCTV,2010,2019-06-30,Y,은평구청 전산정보과,02-351-6383,2019-07-01
165,1,5,불광2동 155-14 불광마트(어린이),서울특별시 은평구 연서로34길 39,서울특별시 은평구 불광2동 155-14,37.622223,126.9302076,3,N,N,N,CCTV,2010,2019-06-30,Y,은평구청 전산정보과,02-351-6383,2019-07-01
166,1,5,불광2동 163-23(어린이),서울특별시 은평구 연서로38길 16-1,서울특별시 은평구 불광2동 163-23,37.622175,126.928579,3,N,N,N,CCTV,2010,2019-06-30,Y,은평구청 전산정보과,02-351-6383,2019-07-01
167,1,5,불광1동 243-11 GS25편의점 앞(어린이),서울특별시 은평구 불광로 81,서울특별시 은평구 불광1동 243-11,37.614251,126.9321371,3,N,N,N,CCTV,2010,2019-06-30,Y,은평구청 전산정보과,02-351-6383,2019-07-01
168,1,5,불광동 246-1 불광어린이공원 (태극빌라앞),서울특별시 은평구 불광로9가길 1,서울특별시 은평구 불광1동 246-1,37.6163874,126.9309945,3,N,N,N,CCTV,2010,2019-06-30,Y,은평구청 전산정보과,02-351-6383,2019-07-01
169,1,5,불광동 264-44(어린이),서울특별시 은평구 통일로68가길 1,서울특별시 은평구 불광1동 264-44,37.612257,126.9291701,3,N,N,N,CCTV,2010,2019-06-30,Y,은평구청 전산정보과,02-351-6383,2019-07-01
170,1,5,불광동 281-13 불광초등학교(어린이),서울특별시 은평구 불광로 52,서울특별시 은평구 불광1동 281-13,37.6117533,126.931293,3,N,N,N,CCTV,2010,2019-06-30,Y,은평구청 전산정보과,02-351-6383,2019-07-01
171,1,5,불광1동 305-8 연신교회 앞(어린이),서울특별시 은평구 통일로78길 11,서울특별시 은평구 불광1동 305-8,37.618097,126.923645,3,N,N,N,CCTV,2010,2019-06-30,Y,은평구청 전산정보과,02-351-6383,2019-07-01
172,1,5,불광동 329-3 은혜초교 정문(어린이),서울특별시 은평구 통일로72길 30-14,서울특별시 은평구 불광1동 329-3,37.617973,126.9259134,3,N,N,N,CCTV,2010,2019-06-30,Y,은평구청 전산정보과,02-351-6383,2019-07-01
173,1,5,불광동 329-41(어린이),서울특별시 은평구 통일로78가길 14,서울특별시 은평구 불광1동 329-41,37.6182714,126.9260266,3,N,N,N,CCTV,2010,2019-06-30,Y,은평구청 전산정보과,02-351-6383,2019-07-01
174,1,5,불광동 331-4 구립도서관 앞(어린이),서울특별시 은평구 통일로78가길 13-129,서울특별시 은평구 불광1동 331-4,37.619309,126.9278716,3,N,N,N,CCTV,2010,2019-06-30,Y,은평구청 전산정보과,02-351-6383,2019-07-01
175,1,5,불광1동 344-30(어린이),서울특별시 은평구 연서로34가길 10-21,서울특별시 은평구 불광1동 346-134,37.619725,126.926904,3,N,N,N,CCTV,2010,2019-06-30,Y,은평구청 전산정보과,02-351-6383,2019-07-01
176,1,5,불광2동 391-283(어린이),서울특별시 은평구 통일로88길 21,서울특별시 은평구 불광2동 391-283,37.623254,126.9219737,3,N,N,N,CCTV,2010,2019-06-30,Y,은평구청 전산정보과,02-351-6383,2019-07-01
177,1,5,불광2동 400-51 연신중 정문(어린이),서울특별시 은평구 연서로35길 15,서울특별시 은평구 불광2동 400-51,37.622497,126.925275,3,N,N,N,CCTV,2010,2019-06-30,Y,은평구청 전산정보과,02-351-6383,2019-07-01
178,1,5,불광2동 441-29 연광초교 정문(어린이),서울특별시 은평구 연서로35길 36,서울특별시 은평구 불광2동 441-29,37.623977,126.925229,3,N,N,N,CCTV,2010,2019-06-30,Y,은평구청 전산정보과,02-351-6383,2019-07-01
179,1,5,불광2동 443-50(어린이),서울특별시 은평구 연서로37가길 8,서울특별시 은평구 불광2동 443-50,37.6243019,126.9263148,3,N,N,N,CCTV,2010,2019-06-30,Y,은평구청 전산정보과,02-351-6383,2019-07-01
180,1,5,불광2동 480-178(어린이),서울특별시 은평구 통일로92다길 6-14,서울특별시 은평구 불광2동 480-178,37.624745,126.9232622,3,N,N,N,CCTV,2010,2019-06-30,Y,은평구청 전산정보과,02-351-6383,2019-07-01
181,1,5,불광2동 480-197 우림빌라앞(어린이),서울특별시 은평구 통일로92나길 7,서울특별시 은평구 불광2동 480-197,37.6253737,126.9229054,3,N,N,N,CCTV,2010,2019-06-30,Y,은평구청 전산정보과,02-351-6383,2019-07-01
182,1,5,불광2동 480-244 연광초교 후문(어린이),서울특별시 은평구 통일로92나길 33,서울특별시 은평구 불광2동 480-244,37.623357,126.9234896,3,N,N,N,CCTV,2010,2019-06-30,Y,은평구청 전산정보과,02-351-6383,2019-07-01
183,1,5,불광1동 630-68 삼거리(어린이),서울특별시 은평구 진흥로19길 10 앞,서울특별시 은평구 불광1동 630-68,37.611445,126.941097,3,N,N,N,CCTV,2010,2019-06-30,Y,은평구청 전산정보과,02-351-6383,2019-07-01
184,1,5,불광2동 64-2(어린이),서울특별시 은평구 연서로43길 8,서울특별시 은평구 불광2동 64-2,37.627051,126.9283613,3,N,N,N,CCTV,2010,2019-06-30,Y,은평구청 전산정보과,02-351-6383,2019-07-01
185,1,5,불광2동 73-1 연신초교 정문(어린이),서울특별시 은평구 연서로 347,서울특별시 은평구 불광2동 73-1,37.626234,126.9282737,3,N,N,N,CCTV,2010,2019-06-30,Y,은평구청 전산정보과,02-351-6383,2019-07-01
186,1,5,수색동 180-2 수색초교길(어린이),서울특별시 은평구 은평터널로1길 3,서울특별시 은평구 수색동 180-2,37.5840758,126.897253,3,N,N,N,CCTV,2010,2019-06-30,Y,은평구청 전산정보과,02-351-6383,2019-07-01
187,1,5,수색동 189-16(어린이),서울특별시 은평구 은평터널로3길 10,서울특별시 은평구 수색동 189-16,37.585198,126.8977472,3,N,N,N,CCTV,2010,2019-06-30,Y,은평구청 전산정보과,02-351-6383,2019-07-01
188,1,5,수색동 359-11 수색초교 후문(어린이),서울특별시 은평구 수색로18길 24,서울특별시 은평구 수색동 359-11,37.5850526,126.89452,3,N,N,N,CCTV,2010,2019-06-30,Y,은평구청 전산정보과,02-351-6383,2019-07-01
189,1,5,수색동 365-5 수색초교 길목(어린이),서울특별시 은평구 수색로18길 6-1,서울특별시 은평구 수색동 365-5,37.583486,126.8943126,3,N,N,N,CCTV,2010,2019-06-30,Y,은평구청 전산정보과,02-351-6383,2019-07-01
190,1,5,신사2동 145-2(어린이),서울특별시 은평구 증산로15길 66,서울특별시 은평구 신사2동 145-2,37.590675,126.906352,3,N,N,N,CCTV,2010,2019-06-30,Y,은평구청 전산정보과,02-351-6383,2019-07-01
191,1,5,신사1동 18-1(어린이),서울특별시 은평구 갈현로1길 7,서울특별시 은평구 신사1동 18-1,37.5991928,126.9093879,3,N,N,N,CCTV,2010,2019-06-30,Y,은평구청 전산정보과,02-351-6383,2019-07-01
192,1,5,신사2동 200-151 명남아파트(어린이),서울특별시 은평구 은평터널로 169-24,서울특별시 은평구 신사2동 200-151,37.5944488,126.9063556,3,N,N,N,CCTV,2010,2019-06-30,Y,은평구청 전산정보과,02-351-6383,2019-07-01
193,1,5,신사1동 237-133(어린이),서울특별시 은평구 가좌로11가길 31,서울특별시 은평구 신사2동 237-133,37.5967637,126.9044351,3,N,N,N,CCTV,2010,2019-06-30,Y,은평구청 전산정보과,02-351-6383,2019-07-01
194,1,5,신사2동 237-38 상신초교후문(어린이),서울특별시 은평구 가좌로11가길 30-3,서울특별시 은평구 신사2동 237-38,37.5971052,126.9045298,3,N,N,N,CCTV,2010,2019-06-30,Y,은평구청 전산정보과,02-351-6383,2019-07-01
195,1,5,신사1동 29-115(어린이),서울특별시 은평구 증산로21길 38-9,서울특별시 은평구 신사1동 29-115,37.596791,126.9102509,3,N,N,N,CCTV,2010,2019-06-30,Y,은평구청 전산정보과,02-351-6383,2019-07-01
196,1,5,신사1동 29-5(어린이),서울특별시 은평구 은평로2길 6,서울특별시 은평구 신사1동 29-5,37.597657,126.9119031,3,N,N,N,CCTV,2010,2019-06-30,Y,은평구청 전산정보과,02-351-6383,2019-07-01
197,1,5,신사2동 300-43(어린이),서울특별시 은평구 은평터널로5길 24,서울특별시 은평구 신사2동 300-43,37.591355,126.9033499,3,N,N,N,CCTV,2010,2019-06-30,Y,은평구청 전산정보과,02-351-6383,2019-07-01
198,1,5,신사2동 335-36 신사초교 앞(어린이),서울특별시 은평구 가좌로 275-1,서울특별시 은평구 신사2동 335-36,37.593087,126.9131538,3,N,N,N,CCTV,2010,2019-06-30,Y,은평구청 전산정보과,02-351-6383,2019-07-01
199,1,5,신사2동 347-1 서신초교(어린이),서울특별시 은평구 증산로17길 40,서울특별시 은평구 신사2동 347-1,37.591188,126.9090869,3,N,N,N,CCTV,2010,2019-06-30,Y,은평구청 전산정보과,02-351-6383,2019-07-01
200,1,5,역촌동 18-10(어린이),서울특별시 은평구 서오릉로9길 15,서울특별시 은평구 역촌동 18-10,37.6066146,126.920392,3,N,N,N,CCTV,2010,2019-06-30,Y,은평구청 전산정보과,02-351-6383,2019-07-01
201,1,5,역촌동 5-20 성결교회 앞(어린이),서울특별시 은평구 연서로14길 13,서울특별시 은평구 역촌동 5-20,37.608592,126.9175124,3,N,N,N,CCTV,2010,2019-06-30,Y,은평구청 전산정보과,02-351-6383,2019-07-01
202,1,5,역촌동 62-28 공영주차장(어린이),서울특별시 은평구 연서로5길 8,서울특별시 은평구 역촌동 62-28,37.6041133,126.9145687,3,N,N,N,CCTV,2010,2019-06-30,Y,은평구청 전산정보과,02-351-6383,2019-07-01
203,1,5,역촌동 68-35 또래또 유치원(어린이),서울특별시 은평구 연서로3길 40,서울특별시 은평구 역촌동 68-35,37.603022,126.9113005,3,N,N,N,CCTV,2010,2019-06-30,Y,은평구청 전산정보과,02-351-6383,2019-07-01
204,1,5,응암1동 114-1 은명초교옆(어린이),서울특별시 은평구 은평로6길 16,서울특별시 은평구 응암1동 114-1,37.5983749,126.9184276,3,N,N,N,CCTV,2010,2019-06-30,Y,은평구청 전산정보과,02-351-6383,2019-07-01
205,1,5,응암1동 118-12(어린이),서울특별시 은평구 응암로29길 10,서울특별시 은평구 응암1동 118-12,37.596545,126.918115,3,N,N,N,CCTV,2010,2019-06-30,Y,은평구청 전산정보과,02-351-6383,2019-07-01
206,1,5,응암1동 118-76 은명초교후문(어린이),서울특별시 은평구 은평로4길 21,서울특별시 은평구 응암1동 118-76,37.5974186,126.9170134,3,N,N,N,CCTV,2010,2019-06-30,Y,은평구청 전산정보과,02-351-6383,2019-07-01
207,1,5,응암3동 247-151(어린이),서울특별시 은평구 가좌로7가길 25-26,서울특별시 은평구 응암3동 247-152 앞,37.583968,126.9213716,3,N,N,N,CCTV,2010,2019-06-30,Y,은평구청 전산정보과,02-351-6383,2019-07-01
208,1,5,응암3동 270-11(어린이),서울특별시 은평구 가좌로7가길 29-8,서울특별시 은평구 응암3동 270-11,37.5841275,126.9208449,3,N,N,N,CCTV,2010,2019-06-30,Y,은평구청 전산정보과,02-351-6383,2019-07-01
209,1,5,응암동 285-1 응암초교(어린이),서울특별시 은평구 가좌로6길 21-1,서울특별시 은평구 응암3동 285-1,37.58806823,126.9205041,3,N,N,N,CCTV,2010,2019-06-30,Y,은평구청 전산정보과,02-351-6383,2019-07-01
210,1,5,응암3동 334-30 밀려오네마트(어린이),서울특별시 은평구 응암로14길 15,서울특별시 은평구 응암2동 334-30,37.590172,126.9190196,3,N,N,N,CCTV,2010,2019-06-30,Y,은평구청 전산정보과,02-351-6383,2019-07-01
211,1,5,응암2동 337-39(어린이),서울특별시 은평구 응암로14길 15-28,서울특별시 은평구 응암2동 337-39,37.590264,126.920064,3,N,N,N,CCTV,2010,2019-06-30,Y,은평구청 전산정보과,02-351-6383,2019-07-01
212,1,5,응암2동 365-40(어린이),서울특별시 은평구 응암로18길 6-10,서울특별시 은평구 응암2동 365-47 앞,37.591931,126.9182687,3,N,N,N,CCTV,2010,2019-06-30,Y,은평구청 전산정보과,02-351-6383,2019-07-01
213,1,5,응암1동 42-2 알로이시오초교정문(어린이),서울특별시 은평구 은평로16나길 2,서울특별시 은평구 응암1동 42-2,37.599133,126.9294995,3,N,N,N,CCTV,2010,2019-06-30,Y,은평구청 전산정보과,02-351-6383,2019-07-01
214,1,5,응암1동 5-1(어린이),서울특별시 은평구 은평로20길 8,서울특별시 은평구 응암1동 5-1,37.60029,126.933363,3,N,N,N,CCTV,2010,2019-06-30,Y,은평구청 전산정보과,02-351-6383,2019-07-01
215,1,5,응암3동 583-39(어린이),서울특별시 은평구 불광천길 420-8,서울특별시 은평구 응암3동 583-39,37.5924696,126.915238,3,N,N,N,CCTV,2010,2019-06-30,Y,은평구청 전산정보과,02-351-6383,2019-07-01
216,1,5,응암3동 601-6 소문난곱창(어린이),서울특별시 은평구 응암로 190-15,서울특별시 은평구 응암3동 601-6,37.58871,126.917967,3,N,N,N,CCTV,2010,2019-06-30,Y,은평구청 전산정보과,02-351-6383,2019-07-01
217,1,5,응암3동 675-1(어린이),서울특별시 은평구 가좌로6길 8,서울특별시 은평구 응암3동 675-1,37.5871995,126.9217709,3,N,N,N,CCTV,2010,2019-06-30,Y,은평구청 전산정보과,02-351-6383,2019-07-01
218,1,5,응암3동 746-13 충암초교후문(어린이),서울특별시 은평구 가좌로5길 15,서울특별시 은평구 응암3동 746-13,37.586255,126.920864,3,N,N,N,CCTV,2010,2019-06-30,Y,은평구청 전산정보과,02-351-6383,2019-07-01
219,1,5,응암3동 746-24 구립독서실 뒤(어린이),서울특별시 은평구 가좌로7가길 15,서울특별시 은평구 응암3동 746-24,37.5851846,126.920515,3,N,N,N,CCTV,2010,2019-06-30,Y,은평구청 전산정보과,02-351-6383,2019-07-01
220,1,5,응암3동 749-13 청소년독서실(어린이),서울특별시 은평구 가좌로 195,서울특별시 은평구 응암3동 749-13,37.5880144,126.9194493,3,N,N,N,CCTV,2010,2019-06-30,Y,은평구청 전산정보과,02-351-6383,2019-07-01
221,1,5,응암1동 94-7 등기소 뒷편(어린이),서울특별시 은평구 백련산로14길 17,서울특별시 은평구 응암1동 94-2 귀빈빌라 앞,37.599697,126.9279563,3,N,N,N,CCTV,2010,2019-06-30,Y,은평구청 전산정보과,02-351-6383,2019-07-01
222,1,5,증산동 165-1 월드빌아파트(어린이),서울특별시 은평구 증산로9길 6-45,서울특별시 은평구 증산동 165-1,37.5859844,126.9107287,3,N,N,N,CCTV,2010,2019-06-30,Y,은평구청 전산정보과,02-351-6383,2019-07-01
223,1,5,증산동 187-6(어린이),서울특별시 은평구 증산로7길 27,서울특별시 은평구 증산동 187-6,37.5848053,126.9064763,3,N,N,N,CCTV,2010,2019-06-30,Y,은평구청 전산정보과,02-351-6383,2019-07-01
224,1,5,증산동 203-31(어린이),서울특별시 은평구 증산로5길 34,서울특별시 은평구 증산동 203-31,37.584402,126.9052457,3,N,N,N,CCTV,2010,2019-06-30,Y,은평구청 전산정보과,02-351-6383,2019-07-01
225,1,5,증산동 209-17 증산초교 정문(방.불),서울특별시 은평구 증산서길 63,서울특별시 은평구 증산동 209-17,37.5824343,126.9053709,3,N,N,N,CCTV,2010,2019-06-30,Y,은평구청 주차관리과,02-351-7804,2019-07-01
226,1,5,구산동 152-3 구산초교 옆문(어린이),서울특별시 은평구 서오릉로15길 16,서울특별시 은평구 구산동 152-3,37.6124476,126.9094685,3,N,N,N,CCTV,2010,2019-06-30,Y,은평구청 전산정보과,02-351-6383,2019-07-01
227,1,5,구산동 178-21 전신주옆(어린이),서울특별시 은평구 갈현로15길 28,서울특별시 은평구 구산동 178-21,37.6081228,126.9079199,3,N,N,N,CCTV,2012,2019-06-30,Y,은평구청 전산정보과,02-351-6383,2019-07-01
228,1,5,녹번동 1-51(어린이),서울특별시 은평구 진흥로16길 9,서울특별시 은평구 녹번동 1-51,37.6096765,126.9392,3,N,N,N,CCTV,2010,2019-06-30,Y,은평구청 전산정보과,02-351-6383,2019-07-01
229,1,5,녹번동 153-16 은평어린이집(어린이),서울특별시 은평구 응암로 376,서울특별시 은평구 녹번동 153-16,37.6044835,126.9232067,3,N,N,N,CCTV,2012,2019-06-30,Y,은평구청 전산정보과,02-351-6383,2019-07-01
230,1,5,녹번동 83-8 문화예술회관앞(어린이),서울특별시 은평구 녹번로 12,서울특별시 은평구 녹번동 83-8,37.6032149,126.927214,3,N,N,N,CCTV,2010,2019-06-30,Y,은평구청 전산정보과,02-351-6383,2019-07-01
231,1,5,대조동 212-22 대조초교(어린이),서울특별시 은평구 연서로20길 6-12,서울특별시 은평구 대조동 212-22,37.6135764,126.918656,3,N,N,N,CCTV,2012,2019-06-30,Y,은평구청 전산정보과,02-351-6383,2019-07-01
232,1,5,대조동 214-26 대조초교 후문(어린이),서울특별시 은평구 연서로20길 20-8,서울특별시 은평구 대조동 214-26,37.6135703,126.920217,3,N,N,N,CCTV,2010,2019-06-30,Y,은평구청 전산정보과,02-351-6383,2019-07-01
233,1,5,대조동 47-1 나래피아노옆(어린이),서울특별시 은평구 연서로18가길 1,서울특별시 은평구 대조동 47-1,37.612146,126.9199393,3,N,N,N,CCTV,2012,2019-06-30,Y,은평구청 전산정보과,02-351-6383,2019-07-01
234,1,5,대조동 84-91 대은초교 담장(어린이) (변경전 :대조동 82-5 ),서울특별시 은평구 통일로71길 24-30,서울특별시 은평구 대조동 84-92,37.6125259,126.9260571,3,N,N,N,CCTV,2010,2019-06-30,Y,은평구청 전산정보과,02-351-6383,2019-07-01
235,1,5,불광1동 16-139 수리초교(어린이),서울특별시 은평구 불광로14길 10-11,서울특별시 은평구 불광1동 16-139,37.6202419,126.9335685,3,N,N,N,CCTV,2012,2019-06-30,Y,은평구청 전산정보과,02-351-6383,2019-07-01
236,1,5,불광1동 242-11 불광초교(어린이),서울특별시 은평구 불광로 75-2,서울특별시 은평구 불광1동 242-11,37.6137834,126.93158,3,N,N,N,CCTV,2012,2019-06-30,Y,은평구청 전산정보과,02-351-6383,2019-07-01
237,1,5,불광1동 328-1 소망교회 삼거리(어린이),서울특별시 은평구 연서로32길 19,서울특별시 은평구 불광1동 328-1,37.618888,126.924429,3,N,N,N,CCTV,2012,2019-06-30,Y,은평구청 전산정보과,02-351-6383,2019-07-01
238,1,5,불광1동 330-7 은혜초교옆 삼거리(어린이),서울특별시 은평구 통일로72길 30-31,서울특별시 은평구 불광1동 330-7,37.6176668,126.926651,3,N,N,N,CCTV,2012,2019-06-30,Y,은평구청 전산정보과,02-351-6383,2019-07-01
239,1,5,불광2동 399-1 모서리(어린이),서울특별시 은평구 연서로33길 30,서울특별시 은평구 불광2동 399-1,37.6229187,126.9237315,3,N,N,N,CCTV,2012,2019-06-30,Y,은평구청 전산정보과,02-351-6383,2019-07-01
240,1,5,불광2동 399-1 모서리(어린이),서울특별시 은평구 연서로33길 30,서울특별시 은평구 불광2동 399-1,37.6229187,126.9237315,3,N,N,N,CCTV,2012,2019-06-30,Y,은평구청 전산정보과,02-351-6383,2019-07-01
241,1,5,신사2동 193 서신초교(어린이),서울특별시 은평구 은평터널로 148,서울특별시 은평구 신사2동 193,37.5921468,126.9066633,3,N,N,N,CCTV,2013,2019-06-30,Y,은평구청 전산정보과,02-351-6383,2019-07-01
242,1,5,신사2동 193-9 서신초교 주차장(어린이),서울특별시 은평구 증산로17길 58,서울특별시 은평구 신사2동 193-8 옆,37.591739,126.9073445,3,N,N,N,CCTV,2012,2019-06-30,Y,은평구청 전산정보과,02-351-6383,2019-07-01
243,1,5,신사2동 237-145 산새마을(어린이),서울특별시 은평구 가좌로11가길 41,서울특별시 은평구 신사2동 237-145,37.59669,126.9035775,3,N,N,N,CCTV,2013,2019-06-30,Y,은평구청 전산정보과,02-351-6383,2019-07-01
244,1,5,신사2동 237-169 산새마을(어린이),서울특별시 은평구 가좌로11가길 29-16,서울특별시 은평구 신사2동 237-169,37.596227,126.9048575,3,N,N,N,CCTV,2013,2019-06-30,Y,은평구청 전산정보과,02-351-6383,2019-07-01
245,1,5,신사1동 32-9 대일세탁(어린이),서울특별시 은평구 증산로21길 19,서울특별시 은평구 신사1동 32-9,37.5959994,126.912484,3,N,N,N,CCTV,2010,2019-06-30,Y,은평구청 전산정보과,02-351-6383,2019-07-01
246,1,5,역촌동 219-29 역촌가압장 앞(어린이),서울특별시 은평구 갈현로7길 34-1,서울특별시 은평구 역촌동 219-33,37.6048508,126.907029,3,N,N,N,CCTV,2010,2019-06-30,Y,은평구청 전산정보과,02-351-6383,2019-07-01
247,1,5,역촌동 82-29 사랑분식(어린이),서울특별시 은평구 갈현로4길 27,서울특별시 은평구 역촌동 82-29,37.601167,126.913347,3,N,N,N,CCTV,2010,2019-06-30,Y,은평구청 전산정보과,02-351-6383,2019-07-01
248,1,5,역촌동 84-12 서울피아노 앞(어린이),서울특별시 은평구 은평로3길 19,서울특별시 은평구 역촌동 84-12,37.6006437,126.9149837,3,N,N,N,CCTV,2010,2019-06-30,Y,은평구청 전산정보과,02-351-6383,2019-07-01
249,1,5,응암3동 338-107 엣연은초교(어린이),서울특별시 은평구 가좌로 205,서울특별시 은평구 응암3동 338-107,37.588767,126.9186386,3,N,N,N,CCTV,2013,2019-06-30,Y,은평구청 전산정보과,02-351-6383,2019-07-01
250,1,5,응암1동 46-1 꿈나무마을(어린이),서울특별시 은평구 백련산로14길 20-6,서울특별시 은평구 응암1동 46-1,37.5994069,126.9274405,3,N,N,N,CCTV,2013,2019-06-30,Y,은평구청 전산정보과,02-351-6383,2019-07-01
251,1,5,응암3동 732-27 (어린이),서울특별시 은평구 가좌로7나길 2,서울특별시 은평구 응암3동 732-27,37.5858759,126.919035,3,N,N,N,CCTV,2010,2019-06-30,Y,은평구청 전산정보과,02-351-6383,2019-07-01
252,1,5,응암3동 751-25 대일수퍼(어린이),서울특별시 은평구 응암로12길 26-1,서울특별시 은평구 응암3동 751-25 대일수퍼,37.587089,126.9193472,3,N,N,N,CCTV,2010,2019-06-30,Y,은평구청 전산정보과,02-351-6383,2019-07-01
253,1,5,진관동 266-1 북한산초교(어린이),서울특별시 은평구 대서문길 42-3 북한산초교 입구,서울특별시 은평구 진관동 266-1 북한산초교,37.655112,126.949117,3,N,N,N,CCTV,2012,2019-06-30,Y,은평구청 전산정보과,02-351-6383,2019-07-01
254,1,5,갈현1동 298-5 후레쉬마트 앞(여행),서울특별시 은평구 갈현로41가길 1,서울특별시 은평구 갈현1동 298-5 후레쉬마트 앞,37.625223,126.9152957,3,N,N,N,CCTV,2010,2019-06-30,Y,은평구청 전산정보과,02-351-6383,2019-07-01
255,1,5,대조동 190-66(여행),서울특별시 은평구 역말로9길 38-2,서울특별시 은평구 대조동 190-66,37.614414,126.9225006,3,N,N,N,CCTV,2010,2019-06-30,Y,은평구청 전산정보과,02-351-6383,2019-07-01
256,1,5,신사2동 200-111(여행),서울특별시 은평구 가좌로 305-3,서울특별시 은평구 신사2동 200-111,37.594937,126.9102348,3,N,N,N,CCTV,2010,2019-06-30,Y,은평구청 전산정보과,02-351-6383,2019-07-01
257,1,5,진관동 605동 옆,,서울특별시 은평구 진관동 5-18 605동옆,37.647607,126.930606,3,N,N,N,CCTV,2010,2019-06-30,Y,은평구청 전산정보과,02-351-6383,2019-07-01
258,1,5,진관동 615동 옆,서울특별시 은평구 진관4로 77,서울특별시 은평구 진관동 6 616동 앞,37.6467763,126.9278305,3,N,N,N,CCTV,2010,2019-06-30,Y,은평구청 전산정보과,02-351-6383,2019-07-01
259,1,5,진관동 622동 앞(유치원앞),서울특별시 은평구 진관4로 93,서울특별시 은평구 진관동 5-4 하나유치원앞,37.64806913,126.9298271,3,N,N,N,CCTV,2010,2019-06-30,Y,은평구청 전산정보과,02-351-6383,2019-07-01
260,1,5,진관동 627동 옆,,서울특별시 은평구 진관동 11-22 627동 옆,37.647999,126.927692,3,N,N,N,CCTV,2010,2019-06-30,Y,은평구청 전산정보과,02-351-6383,2019-07-01
261,1,5,진관동 701동 옆 사거리,서울특별시 은평구 진관4로 78-8,서울특별시 은평구 진관동 7 딸기부동산앞,37.6459795,126.9285841,3,N,N,N,CCTV,2010,2019-06-30,Y,은평구청 전산정보과,02-351-6383,2019-07-01
262,1,5,진관동 708동 옆(유수지옆),,서울특별시 은평구 진관동 13-15 708동 옆(유수지옆),37.646054,126.927229,3,N,N,N,CCTV,2010,2019-06-30,Y,은평구청 전산정보과,02-351-6383,2019-07-01
263,1,5,진관동 714715동 사이,,서울특별시 은평구 진관동 24-29 714715동 사이,37.644054,126.926433,3,N,N,N,CCTV,2010,2019-06-30,Y,은평구청 전산정보과,02-351-6383,2019-07-01
264,1,5,진관동 714동 옆 사거리,서울특별시 은평구 진관4로 48-8,서울특별시 은평구 진관동 15 714동 옆 사거리,37.6440794,126.926922,3,N,N,N,CCTV,2010,2019-06-30,Y,은평구청 전산정보과,02-351-6383,2019-07-01
265,1,5,진관동 806동 옆(유수지),,서울특별시 은평구 진관동 29-2 806동 옆(유수지),37.644818,126.924043,3,N,N,N,CCTV,2010,2019-06-30,Y,은평구청 전산정보과,02-351-6383,2019-07-01
266,1,5,진관동 공원 관리소(못자리골),,서울특별시 은평구 진관동 15-22 맞은편 공원 관리소(못자리골),37.643875,126.929059,3,N,N,N,CCTV,2010,2019-06-30,Y,은평구청 전산정보과,02-351-6383,2019-07-01
267,1,5,진관동 관음사 입구,,서울특별시 은평구 진관동 17-7 관음사입구,37.644295,126.931807,3,N,N,N,CCTV,2010,2019-06-30,Y,은평구청 전산정보과,02-351-6383,2019-07-01
268,1,5,진관동 구파발역 자전거보관소,,서울특별시 은평구 진관동 86-34 구파발역2번출구 자전거보관소,37.636147,126.919128,3,N,N,N,CCTV,2010,2019-06-30,Y,은평구청 전산정보과,02-351-6383,2019-07-01
269,1,5,진관동 롯데캐슬 초입,서울특별시 은평구 진관3로 70,서울특별시 은평구 진관동 23-24 앞 사거리,37.64225902,126.923143,3,N,N,N,CCTV,2010,2019-06-30,Y,은평구청 전산정보과,02-351-6383,2019-07-01
270,1,5,진관동 못자리골 로타리,서울특별시 은평구 진관4로 48-50,서울특별시 은평구 진관동 18-18 못자리골 로타리,37.6419468,126.9293151,3,N,N,N,CCTV,2010,2019-06-30,Y,은평구청 전산정보과,02-351-6383,2019-07-01
271,1,5,진관동 못자리골 진관초교,서울특별시 은평구 진관4로 78-27,서울특별시 은평구 진관동 16-11 삼거리,37.6487913,126.9303365,3,N,N,N,CCTV,2010,2019-06-30,Y,은평구청 전산정보과,02-351-6383,2019-07-01
272,1,5,진관동 약수사 입구,,서울특별시 은평구 진관동 24-13 약수사 입구,37.642268,126.924212,3,N,N,N,CCTV,2010,2019-06-30,Y,은평구청 전산정보과,02-351-6383,2019-07-01
273,1,5,진관동 연화사 입구,,서울특별시 은평구 진관동 산99-29 연화사 입구,37.640314,126.928096,3,N,N,N,CCTV,2010,2019-06-30,Y,은평구청 전산정보과,02-351-6383,2019-07-01
274,1,5,진관동 진관고 입구,서울특별시 은평구 진관4로 26,서울특별시 은평구 진관동 24-24 진관고 후문앞,37.6433754,126.9244109,3,N,N,N,CCTV,2010,2019-06-30,Y,은평구청 전산정보과,02-351-6383,2019-07-01
275,1,5,진관동 진관중 옆 유수지(정자),,서울특별시 은평구 진관동 24-23 진관중 옆 유수지(정자),37.643291,126.925473,3,N,N,N,CCTV,2010,2019-06-30,Y,은평구청 전산정보과,02-351-6383,2019-07-01
276,1,5,진관동 진관초 뒤 (유수지),,서울특별시 은평구 진관동 13-19 진관초 뒤 (유수지),37.645309,126.928431,3,N,N,N,CCTV,2010,2019-06-30,Y,은평구청 전산정보과,02-351-6383,2019-07-01
277,1,5,진관동 진관초 입구,서울특별시 은평구 진관4로 78-16,서울특별시 은평구 진관동 14-12 진관초 입구,37.645051,126.9291301,3,N,N,N,CCTV,2010,2019-06-30,Y,은평구청 전산정보과,02-351-6383,2019-07-01
278,1,5,진관동 111동 앞 삼거리,,서울특별시 은평구 진관동 234-26 박석고개 삼거리,37.63038,126.919476,3,N,N,N,CCTV,2010,2019-06-30,Y,은평구청 전산정보과,02-351-6383,2019-07-01
279,1,5,진관동 128동 앞 사거리,,서울특별시 은평구 진관동 87-25 128동 앞 사거리,37.634466,126.919145,3,N,N,N,CCTV,2010,2019-06-30,Y,은평구청 전산정보과,02-351-6383,2019-07-01
280,1,5,진관동 204동 옆  (금성당앞),서울특별시 은평구 진관2로 57-23,서울특별시 은평구 진관동 175-837 금성당 앞,37.63513547,126.92538,3,N,N,N,CCTV,2010,2019-06-30,Y,은평구청 전산정보과,02-351-6383,2019-07-01
281,1,5,진관동 205동 앞 사거리,서울특별시 은평구 진관2로 77 지인인테리어 앞,서울특별시 은평구 진관동 191-6 205동 앞 사거리,37.63424,126.926913,3,N,N,N,CCTV,2010,2019-06-30,Y,은평구청 전산정보과,02-351-6383,2019-07-01
282,1,5,진관동 208동 옆 사거리,,서울특별시 은평구 진관동 210-6 208동 옆 사거리,37.634127,126.930036,3,N,N,N,CCTV,2010,2019-06-30,Y,은평구청 전산정보과,02-351-6383,2019-07-01
283,1,5,진관동 253동 앞 사거리,서울특별시 은평구 진관2로 57-7,서울특별시 은평구 진관동 170-4 253동 앞 사거리,37.6350842,126.923615,3,N,N,N,CCTV,2010,2019-06-30,Y,은평구청 전산정보과,02-351-6383,2019-07-01
284,1,5,진관동 307동 옆,,서울특별시 은평구 진관동 163-17 307동 옆,37.631052,126.928062,3,N,N,N,CCTV,2010,2019-06-30,Y,은평구청 전산정보과,02-351-6383,2019-07-01
285,1,5,진관동 310동 옆,,서울특별시 은평구 진관동 188-13 310동 옆,37.63333,126.925451,3,N,N,N,CCTV,2010,2019-06-30,Y,은평구청 전산정보과,02-351-6383,2019-07-01
286,1,5,진관동 교량 4교 앞,서울특별시 은평구 진관1로77-11 건너편,서울특별시 은평구 진관동 205-34 교량4교 앞,37.631806,126.92881,3,N,N,N,CCTV,2010,2019-06-30,Y,은평구청 전산정보과,02-351-6383,2019-07-01
287,1,5,진관동 신도고 정문,서울특별시 은평구 통일로 961 신도고 정문 옆,서울특별시 은평구 진관동 248-26 신도고 정문 옆,37.62875,126.919184,3,N,N,N,CCTV,2010,2019-06-30,Y,은평구청 전산정보과,02-351-6383,2019-07-01
288,1,5,진관동 신도고 정문,서울특별시 은평구 통일로 961 신도고 정문 옆,서울특별시 은평구 진관동 248-26 신도고 정문 옆,37.62875,126.919184,3,N,N,N,CCTV,2010,2019-06-30,Y,은평구청 전산정보과,02-351-6383,2019-07-01
289,1,5,진관동 복합청사 앞,서울특별시 은평구 진관2로 31 진관어린이집 앞,서울특별시 은평구 진관동 225-3 진관어린이집 앞,37.634755,126.920601,3,N,N,N,CCTV,2010,2019-06-30,Y,은평구청 전산정보과,02-351-6383,2019-07-01
290,1,5,진관동 신도중 정문 앞 사거리,서울특별시 은평구 진관1로 77-30 신도중 정문 인근,서울특별시 은평구 진관동 199-19 신도중 정문 앞 사거리,37.633244,126.930026,3,N,N,N,CCTV,2010,2019-06-30,Y,은평구청 전산정보과,02-351-6383,2019-07-01
291,1,5,진관동 연서로 2지구 진입로 사거리,,서울특별시 은평구 진관동 158-28 사거리,37.629451,126.930124,3,N,N,N,CCTV,2010,2019-06-30,Y,은평구청 전산정보과,02-351-6383,2019-07-01
292,1,5,진관동 은진초교 정문 앞,서울특별시 은평구 진관1로 21-20,서울특별시 은평구 진관동 231-11 은진초교정문앞,37.632607,126.9209282,3,N,N,N,CCTV,2010,2019-06-30,Y,은평구청 전산정보과,02-351-6383,2019-07-01
293,1,5,진관동 은평구민 체육회관 앞,서울특별시 은평구 진관1로 40,서울특별시 은평구 진관동 362 은평구민체육회관 입구,37.6304386,126.9236287,3,N,N,N,CCTV,2010,2019-06-30,Y,은평구청 전산정보과,02-351-6383,2019-07-01
294,1,5,진관동 은평메디텍고 사거리,,서울특별시 은평구 진관동 210-11 은평메디텍고 사거리,37.634677,126.930009,3,N,N,N,CCTV,2010,2019-06-30,Y,은평구청 전산정보과,02-351-6383,2019-07-01
295,1,5,진관동 현대태영 13단지 진입 사거리,,서울특별시 은평구 진관동 산110-2 현대태영13단지 진입 사거리,37.631272,126.921781,3,N,N,N,CCTV,2010,2019-06-30,Y,은평구청 전산정보과,02-351-6383,2019-07-01
296,1,5,진관동 금암공원 내,,서울특별시 은평구 진관동 45-7 금암공원 내,37.644158,126.918408,3,N,N,N,CCTV,2010,2019-06-30,Y,은평구청 전산정보과,02-351-6383,2019-07-01
297,1,5,진관동 금암공원 내 어린이 놀이터,,서울특별시 은평구 진관동 53-5 금암공원 내 어린이 놀이터,37.644623,126.917464,3,N,N,N,CCTV,2010,2019-06-30,Y,은평구청 전산정보과,02-351-6383,2019-07-01
298,1,5,진관동 금암공원 및 창릉천 방향,,서울특별시 은평구 진관동 44-28 금암공원 및 창릉천 방향,37.644741,126.918485,3,N,N,N,CCTV,2010,2019-06-30,Y,은평구청 전산정보과,02-351-6383,2019-07-01
299,1,5,진관동 금호 어울림 1001동 옆,,서울특별시 은평구 진관동 61-3 금호 어울림 1001동 옆,37.639979,126.918451,3,N,N,N,CCTV,2010,2019-06-30,Y,은평구청 전산정보과,02-351-6383,2019-07-01
300,1,5,진관동 10단지 배다리(1009동)(치수),,서울특별시 은평구 진관동 51 금호 어울림 1009동 앞,37.642732,126.917174,3,N,N,N,CCTV,2010,2019-06-30,Y,은평구청 전산정보과,02-351-6383,2019-07-01
301,1,5,진관동 금호 어울림 1019동 옆,,서울특별시 은평구 진관동 54-5 금호 어울림 1019동 옆,37.64447,126.91544,3,N,N,N,CCTV,2010,2019-06-30,Y,은평구청 전산정보과,02-351-6383,2019-07-01
302,1,5,진관동 기자촌 사거리,서울특별시 은평구 연서로46길 7 1101동앞 사거리,서울특별시 은평구 진관동 149-17 기자촌 사거리,37.633969,126.932047,3,N,N,N,CCTV,2010,2019-06-30,Y,은평구청 전산정보과,02-351-6383,2019-07-01
303,1,5,진관동 단독택지 1,서울특별시 은평구 연서로48길 41-1,서울특별시 은평구 진관동 9991-1416 앞,37.63881211,126.939001,3,N,N,N,CCTV,2010,2019-06-30,Y,은평구청 전산정보과,02-351-6383,2019-07-01
304,1,5,진관동 단독택지 11,서울특별시 은평구 연서로 535 하나고교 정문 건너편,서울특별시 은평구 진관동 135-8 하나고교 정문 건너편,37.641289,126.937911,3,N,N,N,CCTV,2010,2019-06-30,Y,은평구청 전산정보과,02-351-6383,2019-07-01
305,1,5,진관동 단독택지 12,서울특별시 은평구 연서로48길 41 옆,서울특별시 은평구 진관동 250 옆,37.639596,126.938391,3,N,N,N,CCTV,2010,2019-06-30,Y,은평구청 전산정보과,02-351-6383,2019-07-01
306,1,5,진관동 단독택지 2,서울특별시 은평구 연서로48길 31,서울특별시 은평구 진관동 9991-1601 옆,37.63804412,126.938398,3,N,N,N,CCTV,2010,2019-06-30,Y,은평구청 전산정보과,02-351-6383,2019-07-01
307,1,5,진관동 단독택지 6,서울특별시 은평구 연서로48길 74,서울특별시 은평구 진관동 9990-1 옆삼거리,37.64104054,126.9413498,3,N,N,N,CCTV,2010,2019-06-30,Y,은평구청 전산정보과,02-351-6383,2019-07-01
308,1,5,진관동 단독택지 8,서울특별시 은평구 진관길 10,서울특별시 은평구 진관동 9991-107 옆삼거리,37.64192,126.939568,3,N,N,N,CCTV,2010,2019-06-30,Y,은평구청 전산정보과,02-351-6383,2019-07-01
309,1,5,진관동 단독택지 9,서울특별시 은평구 진관길 21-20,서울특별시 은평구 진관동 9993-414 앞,37.64230487,126.940033,3,N,N,N,CCTV,2010,2019-06-30,Y,은평구청 전산정보과,02-351-6383,2019-07-01
310,1,5,진관동 대우 푸르지오 513동 앞 사거리,서울특별시 은평구 연서로48길 12 513동 앞 사거리,서울특별시 은평구 진관동 143-22 513동 앞 사거리,37.637511,126.9353,3,N,N,N,CCTV,2010,2019-06-30,Y,은평구청 전산정보과,02-351-6383,2019-07-01
311,1,5,진관동 서울은빛 초교 사거리,서울특별시 은평구 진관3로 77 919동 앞 사거리,서울특별시 은평구 진관동 38-25 서울은빛 초등학교 사거리,37.643085,126.918599,3,N,N,N,CCTV,2010,2019-06-30,Y,은평구청 전산정보과,02-351-6383,2019-07-01
312,1,5,진관동 서울은빛 초등학교 옆,서울특별시 은평구 진관3로 73-17 서울은빛초교 정문 옆,서울특별시 은평구 진관동 55-6 서울은빛 초등학교 정문 옆,37.642513,126.918519,3,N,N,N,CCTV,2010,2019-06-30,Y,은평구청 전산정보과,02-351-6383,2019-07-01
313,1,5,진관동 저류지 관리 사무소 옆,,서울특별시 은평구 진관동 75-12 유수지 관리 사무소 옆,37.64491,126.91316,3,N,N,N,CCTV,2010,2019-06-30,Y,은평구청 전산정보과,02-351-6383,2019-07-01
314,1,5,진관동 은평 1지구 입구(구 주민센터 옆),서울특별시 은평구 진관3로 20 앞 사거리,서울특별시 은평구 진관동 69 앞 사거리,37.639044,126.918777,3,N,N,N,CCTV,2010,2019-06-30,Y,은평구청 전산정보과,02-351-6383,2019-07-01
315,1,5,진관동 은평 1지구 주택 전시관 앞,서울특별시 은평구 진관3로 46 은평제일교회 앞,서울특별시 은평구 진관동 산100-49 은평제일교회 앞,37.64035,126.921065,3,N,N,N,CCTV,2010,2019-06-30,Y,은평구청 전산정보과,02-351-6383,2019-07-01
316,1,5,진관동 통일로 및 유수지 접경부,,서울특별시 은평구 진관동 72-6 통일로 및 유수지 접경부,37.643342,126.914544,3,N,N,N,CCTV,2010,2019-06-30,Y,은평구청 전산정보과,02-351-6383,2019-07-01
317,1,5,진관동 폭포 공원내   (안전치수과 : 폭포공원),서울특별시 은평구 연서로 메뚜기다리 옆,서울특별시 은평구 진관동 159-21 폭포공원내,37.628904,126.930156,3,N,N,N,CCTV,2010,2019-06-30,Y,은평구청 전산정보과,02-351-6383,2019-07-01
318,1,5,진관동 현대 힐스테이트 426동 앞 삼거리,서울특별시 은평구 연서로44길 55 426동 앞 삼거리,서울특별시 은평구 진관동 산109-17 426동앞 삼거리,37.6278,126.935347,3,N,N,N,CCTV,2010,2019-06-30,Y,은평구청 전산정보과,02-351-6383,2019-07-01
319,1,5,갈현2동 228-73 등산로(주민참여),서울특별시 은평구 갈현로27길 44-8,서울특별시 은평구 갈현2동 228-73 등산로,37.6199518,126.9109855,3,N,N,N,CCTV,2014,2019-06-30,Y,은평구청 전산정보과,02-351-6383,2019-07-01
320,1,5,진관동 130-20 한옥마을,,서울특별시 은평구 진관동 130-20,37.64271,126.939764,3,N,N,N,CCTV,2014,2019-06-30,Y,은평구청 전산정보과,02-351-6383,2019-07-01
321,1,5,진관동 127-27 한옥마을,,서울특별시 은평구 진관동 127-27,37.641661,126.938951,3,N,N,N,CCTV,2014,2019-06-30,Y,은평구청 전산정보과,02-351-6383,2019-07-01
322,1,5,갈현2동 454-28 갈현초교(방.불),서울특별시 은평구 연서로27길 12,서울특별시 은평구 갈현2동 454-28,37.618011,126.918133,3,N,N,N,CCTV,2014,2019-06-30,Y,은평구청 주차관리과,02-351-7804,2019-07-01
323,1,5,갈현2동 503-12 선일초교(방.불),서울특별시 은평구 갈현로 247,서울특별시 은평구 갈현2동 503-12,37.61906,126.915211,3,N,N,N,CCTV,2014,2019-06-30,Y,은평구청 주차관리과,02-351-7804,2019-07-01
324,1,5,구산동 19-9 예일초교(방.불),서울특별시 은평구 연서로13길 19-1,서울특별시 은평구 구산동 19-9,37.6097254,126.9139401,3,N,N,N,CCTV,2014,2019-06-30,Y,은평구청 주차관리과,02-351-7804,2019-07-01
325,1,5,녹번동 100-25(어린이),서울특별시 은평구 녹번로 29-2,서울특별시 은평구 녹번동 100-25,37.6048943,126.9280548,3,N,N,N,CCTV,2014,2019-06-30,Y,은평구청 전산정보과,02-351-6383,2019-07-01
326,1,5,녹번동 268 은평초교(방.불),서울특별시 은평구 은평로 237,서울특별시 은평구 녹번동 268,37.60114462,126.9341517,3,N,N,N,CCTV,2014,2019-06-30,Y,은평구청 주차관리과,02-351-7804,2019-07-01
327,1,5,대조동 74-20(어린이),서울특별시 은평구 통일로69길 28,서울특별시 은평구 대조동 74-20,37.6105523,126.925919,3,N,N,N,CCTV,2014,2019-06-30,Y,은평구청 전산정보과,02-351-6383,2019-07-01
328,1,5,불광1동 16-175(어린이),서울특별시 은평구 불광로14길 21,서울특별시 은평구 불광1동 16-175,37.6206488,126.9330303,3,N,N,N,CCTV,2014,2019-06-30,Y,은평구청 전산정보과,02-351-6383,2019-07-01
329,1,5,불광1동 554-14 불광초교(방.불),서울특별시 은평구 불광로 60,서울특별시 은평구 불광1동 554-1,37.6122089,126.9321304,3,N,N,N,CCTV,2014,2019-06-30,Y,은평구청 주차관리과,02-351-7804,2019-07-01
330,1,5,역촌동 219-3(어린이),서울특별시 은평구 갈현로11길 37,서울특별시 은평구 역촌동 219-3 (역촌동234개성팰리스APT뒤),37.6049216,126.906482,3,N,N,N,CCTV,2014,2019-06-30,Y,은평구청 전산정보과,02-351-6383,2019-07-01
331,1,5,역촌동 55-35 은평대영학교(방.불) 1,서울특별시 은평구 갈현로 82,서울특별시 은평구 역촌동 55-35,37.6052307,126.9106701,3,N,N,N,CCTV,2014,2019-06-30,Y,은평구청 주차관리과,02-351-7804,2019-07-01
332,1,5,역촌동 66-32(어린이),서울특별시 은평구 연서로3나길 2,서울특별시 은평구 역촌동 66-32,37.602243,126.9132315,3,N,N,N,CCTV,2014,2019-06-30,Y,은평구청 전산정보과,02-351-6383,2019-07-01
333,1,1,녹번동 산1-1 생태공원 1,서울특별시 은평구 진흥로 290,서울특별시 은평구 녹번동 산1-1,37.61012585,126.941288,3,N,N,N,CCTV,2015,2019-06-30,Y,은평구청 공원녹지과,02-351-8007,2019-07-01
334,1,1,응암1동 산1-57 생태공원 2,,서울특별시 은평구 응암1동 산1-57,37.598026,126.93792,3,N,N,N,CCTV,2015,2019-06-30,Y,은평구청 공원녹지과,02-351-8007,2019-07-01
335,1,1,갈현도시농업체험원,서울특별시 은평구 연서로43길 17 옆 체험원,서울특별시 은평구 불광2동 457,37.627618,126.926994,3,N,N,N,CCTV,2015,2019-06-30,Y,은평구청 공원녹지과,02-351-8007,2019-07-01
336,1,1,갈현도시농업체험원,서울특별시 은평구 연서로43길 17 옆 체험원,서울특별시 은평구 불광2동 457,37.627869,126.926616,3,N,N,N,CCTV,2015,2019-06-30,Y,은평구청 공원녹지과,02-351-8007,2019-07-01
337,1,1,갈현도시농업체험원,서울특별시 은평구 연서로43길 17 옆 체험원,서울특별시 은평구 불광2동 457,37.628073,126.926079,3,N,N,N,CCTV,2015,2019-06-30,Y,은평구청 공원녹지과,02-351-8007,2019-07-01
338,1,1,갈현도시농업체험원,서울특별시 은평구 연서로43길 17 옆 체험원,서울특별시 은평구 불광2동 457,37.627633,126.926294,3,N,N,N,CCTV,2015,2019-06-30,Y,은평구청 공원녹지과,02-351-8007,2019-07-01
339,1,1,신사2동 산55-5 봉산공원 (도심) 1,,서울특별시 은평구 신사2동 산55-5,37.597226,126.903702,3,N,N,N,CCTV,2015,2019-06-30,Y,은평구청 공원녹지과,02-351-8007,2019-07-01
340,1,1,신사2동 산55-5 봉산공원 (도심) 2,,서울특별시 은평구 신사2동 산55-5,37.597595,126.903758,3,N,N,N,CCTV,2015,2019-06-30,Y,은평구청 공원녹지과,02-351-8007,2019-07-01
341,1,5,녹번동 71-38 산골마을,서울특별시 은평구 통일로 580-2,서울특별시 은평구 녹번동 71-38,37.598804,126.9377898,3,N,N,N,CCTV,2015,2019-06-30,Y,은평구청 전산정보과,02-351-6383,2019-07-01
342,1,5,응암1동 34-8 산골마을,서울특별시 은평구 통일로 575-9,서울특별시 은평구 응암1동 34-8,37.5982235,126.9372597,3,N,N,N,CCTV,2015,2019-06-30,Y,은평구청 전산정보과,02-351-6383,2019-07-01
343,1,5,불광2동 421-13,서울특별시 은평구 연서로35길 8-7,서울특별시 은평구 불광2동 421-13,37.6223593,126.925769,3,N,N,N,CCTV,2015,2019-06-30,Y,은평구청 전산정보과,02-351-6383,2019-07-01
344,1,5,응암2동 227-13,서울특별시 은평구 백련산로4길 17-20,서울특별시 은평구 응암2동 227-13,37.5957767,126.925344,3,N,N,N,CCTV,2015,2019-06-30,Y,은평구청 전산정보과,02-351-6383,2019-07-01
345,1,5,응암2동 242-424 (어린이),서울특별시 은평구 백련산로2길 35,서울특별시 은평구 응암2동 242-424,37.59051113,126.925112,3,N,N,N,CCTV,2015,2019-06-30,Y,은평구청 전산정보과,02-351-6383,2019-07-01
346,1,1,녹번동 4번지 공원 1 (양천리누리터공원),,서울특별시 은평구 녹번동 281-4  양천리누리터어린이공원,37.605987,126.934173,3,N,N,N,CCTV,2015,2019-06-30,Y,은평구청 공원녹지과,02-351-8007,2019-07-01
347,1,1,녹번동 4번지 공원 2 (양천리누리터공원),,서울특별시 은평구 녹번동 281-4  양천리누리터어린이공원,37.606432,126.934211,3,N,N,N,CCTV,2015,2019-06-30,Y,은평구청 공원녹지과,02-351-8007,2019-07-01
348,1,1,응암1동 마을마당 (응암동 97-17),,서울특별시 은평구 응암1동 97-17,37.599876,126.926009,3,N,N,N,CCTV,2015,2019-06-30,Y,은평구청 공원녹지과,02-351-8007,2019-07-01
349,1,1,역촌동 85-34 소공원  (이설전:수색동 마을마당),서울특별시 은평구 연서로 5 옆,서울특별시 은평구 역촌동 85-34,37.599495,126.915549,3,N,N,N,CCTV,2015,2019-06-30,Y,은평구청 공원녹지과,02-351-8007,2019-07-01
350,1,1,불광3동 마을마당,서울특별시 은평구 통일로92다길 16-12 맞은편,서울특별시 은평구 불광2동 480-181,37.624686,126.923913,3,N,N,N,CCTV,2015,2019-06-30,Y,은평구청 공원녹지과,02-351-8007,2019-07-01
351,1,1,구산동 마을마당(입구)(구산동 340-1),서울특별시 은평구 서오릉로17길 5 맞은편,서울특별시 은평구 구산동 340-1,37.61456,126.908746,3,N,N,N,CCTV,2015,2019-06-30,Y,은평구청 공원녹지과,02-351-8007,2019-07-01
352,1,1,진관동 210-12 신도어린이공원,,서울특별시 은평구 진관동 210-12,37.634527,126.930137,3,N,N,N,CCTV,2015,2019-06-30,Y,은평구청 공원녹지과,02-351-8007,2019-07-01
353,1,1,녹번동근린공원(녹번동 91-9 뒤 ),서울특별시 은평구 은평로21길 4-18,서울특별시 은평구 녹번동 91-9 뒤,37.603713,126.930883,3,N,N,N,CCTV,2015,2019-06-30,Y,은평구청 공원녹지과,02-351-8007,2019-07-01
354,1,5,응암3동 126-50 앞,서울특별시 은평구 응암로21길 16,서울특별시 은평구 응암3동 126-50,37.594201,126.916242,3,N,N,N,CCTV,2015,2019-06-30,Y,은평구청 전산정보과,02-351-6383,2019-07-01
355,1,5,대조동 201-1,서울특별시 은평구 연서로26길 10,서울특별시 은평구 대조동 201-1,37.6167636,126.920544,3,N,N,N,CCTV,2016,2019-06-30,Y,은평구청 전산정보과,02-351-6383,2019-07-01
356,1,5,대조동 89-215,서울특별시 은평구 역말로8길 5,서울특별시 은평구 대조동 89-215,37.6102682,126.922221,3,N,N,N,CCTV,2016,2019-06-30,Y,은평구청 전산정보과,02-351-6383,2019-07-01
357,1,5,불광1동 221-35,서울특별시 은평구 불광로13길 6,서울특별시 은평구 불광1동 221-35,37.6181961,126.9325205,3,N,N,N,CCTV,2016,2019-06-30,Y,은평구청 전산정보과,02-351-6383,2019-07-01
358,1,5,불광2동 313-10,서울특별시 은평구 통일로80길 22,서울특별시 은평구 불광2동 313-10,37.620483,126.923037,3,N,N,N,CCTV,2016,2019-06-30,Y,은평구청 전산정보과,02-351-6383,2019-07-01
359,1,5,불광1동 219-12,서울특별시 은평구 불광로 145,서울특별시 은평구 불광1동 219-12,37.619572,126.931986,3,N,N,N,CCTV,2016,2019-06-30,Y,은평구청 전산정보과,02-351-6383,2019-07-01
360,1,5,불광2동 382-13,서울특별시 은평구 통일로88길 21-6,서울특별시 은평구 불광2동 382-13,37.622903,126.9222517,3,N,N,N,CCTV,2016,2019-06-30,Y,은평구청 전산정보과,02-351-6383,2019-07-01
361,1,5,불광2동 382-13,서울특별시 은평구 통일로88길 21-6,서울특별시 은평구 불광2동 382-13,37.622903,126.9222517,3,N,N,N,CCTV,2016,2019-06-30,Y,은평구청 전산정보과,02-351-6383,2019-07-01
362,1,5,대조동 4-19,서울특별시 은평구 통일로 745-9,서울특별시 은평구 대조동 4-19,37.611339,126.9280714,3,N,N,N,CCTV,2016,2019-06-30,Y,은평구청 전산정보과,02-351-6383,2019-07-01
363,1,5,응암2동 397-276,서울특별시 은평구 응암로18길 18,서울특별시 은평구 응암2동 397-276,37.592187,126.9197388,3,N,N,N,CCTV,2016,2019-06-30,Y,은평구청 전산정보과,02-351-6383,2019-07-01
364,1,5,응암3동 746-26,서울특별시 은평구 가좌로7가길17-12,서울특별시 은평구 응암3동 746-26,37.5851054,126.9210697,3,N,N,N,CCTV,2016,2019-06-30,Y,은평구청 전산정보과,02-351-6383,2019-07-01
365,1,1,진관동 산68 구파발 폭포공원 1,,서울특별시 은평구 진관동 산68 구파발 폭포공원,37.637236,126.918966,3,N,N,N,CCTV,2016,2019-06-30,Y,은평구청 공원녹지과,02-351-8007,2019-07-01
366,1,1,진관동 산68 구파발 폭포공원 2,,서울특별시 은평구 진관동 산68 구파발 폭포공원,37.636316,126.918985,3,N,N,N,CCTV,2016,2019-06-30,Y,은평구청 공원녹지과,02-351-8007,2019-07-01
367,1,1,녹번동 산1-55 장미공원 동문 1,,서울특별시 은평구 녹번동 산1-55 장미공원동쪽출입구,37.610632,126.941183,3,N,N,N,CCTV,2016,2019-06-30,Y,은평구청 공원녹지과,02-351-8007,2019-07-01
368,1,5,응암3동 674-1(어린이),서울특별시 은평구 가좌로 180,서울특별시 은평구 응암3동 674-1,37.587231,126.9211085,3,N,N,N,CCTV,2016,2019-06-30,Y,은평구청 전산정보과,02-351-6383,2019-07-01
369,1,5,응암2동 236-46,서울특별시 은평구 백련산로 90 은평병원뒷길,서울특별시 은평구 응암2동 236-46,37.593641,126.92414,3,Y,N,N,경보등+경보음,2016,2019-06-30,Y,은평구청 전산정보과,02-351-6383,2019-07-01
370,1,5,신사2동 307-11,서울특별시 은평구 은평터널로 121-12,서울특별시 은평구 신사2동 307-11,37.59005,126.9039533,3,Y,N,N,경보등+경보음,2016,2019-06-30,Y,은평구청 전산정보과,02-351-6383,2019-07-01
371,1,1,응암3동 힐스테이트4차 교회옆,서울특별시 은평구 응암로14길 48,서울특별시 은평구 응암3동 631-2 서부중앙교회 옆 공원,37.5888748,126.9222971,3,Y,N,N,경보등+경보음,2017,2019-06-30,Y,은평구청 공원녹지과,02-351-8007,2019-07-01
372,1,1,응암3동 힐스테이트4차 공원 1,서울특별시 은평구 응암로14길 48,서울특별시 은평구 응암3동 631-2 서부중앙교회 옆 공원,37.5888748,126.9222971,3,Y,N,N,경보등+경보음,2017,2019-06-30,Y,은평구청 공원녹지과,02-351-8007,2019-07-01
373,1,1,응암3동 힐스테이트4차 공원 2,서울특별시 은평구 응암로14길 48,서울특별시 은평구 응암3동 631-2 서부중앙교회 옆 공원,37.5888748,126.9222971,3,Y,N,N,경보등+경보음,2017,2019-06-30,Y,은평구청 공원녹지과,02-351-8007,2019-07-01
374,1,5,녹번동 281-4,,서울특별시 은평구 녹번동 281-4,37.605842,126.934267,3,Y,N,N,경보등+경보음,2017,2019-06-30,Y,은평구청 전산정보과,02-351-6383,2019-07-01
375,1,5,역촌동 43-12,서울특별시 은평구 불광천길 560 (응암역교통섬),서울특별시 은평구 역촌동 43-12,37.5988596,126.916646,3,Y,N,N,경보등+경보음,2017,2019-06-30,Y,은평구청 전산정보과,02-351-6383,2019-07-01
376,1,1,갈현1동 산49-22,,서울특별시 은평구 갈현1동 산49-22,37.624287,126.912216,3,Y,N,N,경보등+경보음,2017,2019-06-30,Y,은평구청 공원녹지과,02-351-8007,2019-07-01
377,1,1,수색동 25-17,서울특별시 은평구 수색로12길 30-1,서울특별시 은평구 수색동 25-17,37.5822372,126.9007352,3,Y,N,N,경보등+경보음,2017,2019-06-30,Y,은평구청 공원녹지과,02-351-8007,2019-07-01
378,1,5,신사2동 341-26,서울특별시 은평구 증산로17길 19-7,서울특별시 은평구 신사2동 341-26,37.589973,126.910906,3,Y,N,N,경보등+경보음,2017,2019-06-30,Y,은평구청 전산정보과,02-351-6383,2019-07-01
379,1,5,증산동 194-1,서울특별시 은평구 증산서길 149,서울특별시 은평구 증산동 194-1,37.587959,126.911685,3,Y,N,N,경보등+경보음,2017,2019-06-30,Y,은평구청 전산정보과,02-351-6383,2019-07-01
380,1,1,진관동 70-16 롯데몰옆 공원,서울특별시 은평구 진관3로,서울특별시 은평구 진관동 70-16,37.638811,126.917113,3,Y,N,N,경보등+경보음,2017,2019-06-30,Y,은평구청 공원녹지과,02-351-8007,2019-07-01
381,1,99,진관동 70-13 롯데몰실개천 터널 상류(고정),서울특별시 은평구 진관3로,서울특별시 은평구 진관동 70-13,37.638703,126.917098,3,Y,N,N,경보등+경보음,2017,2019-06-30,Y,은평구청 치수과,02-351-7972,2019-07-01
382,1,99,진관동 70-13 롯데몰실개천 터널 중간,서울특별시 은평구 진관3로,서울특별시 은평구 진관동 70-13,37.638934,126.916971,3,Y,N,N,경보등+경보음,2017,2019-06-30,Y,은평구청 치수과,02-351-7972,2019-07-01
383,1,99,진관동 70-13 롯데몰실개천 터널 하류(고정),서울특별시 은평구 진관3로,서울특별시 은평구 진관동 70-13,37.639073,126.916979,3,Y,N,N,경보등+경보음,2017,2019-06-30,Y,은평구청 치수과,02-351-7972,2019-07-01
384,1,5,녹번동 14-1,서울특별시 은평구 통일로 675,서울특별시 은평구 녹번동 14-1,37.606699,126.9330427,3,Y,N,N,경보등+경보음,2018,2019-06-30,Y,은평구청 전산정보과,02-351-6383,2019-07-01
385,1,5,응암3동 594-26,서울특별시 은평구 응암로7길 7-1,서울특별시 은평구 응암3동 594-26,37.586759,126.915,3,Y,N,N,경보등+경보음,2018,2019-06-30,Y,은평구청 전산정보과,02-351-6383,2019-07-01
386,1,5,불광1동 산 54-5,서울특별시 은평구 불광로5가길 9-18,서울특별시 은평구 불광1동 산 54-5,37.61596182,126.930197,3,Y,N,N,경보등+경보음,2018,2019-06-30,Y,은평구청 전산정보과,02-351-6383,2019-07-01
387,1,5,불광2동 312-88,서울특별시 은평구 통일로80길 17-31,서울특별시 은평구 불광2동 312-88,37.6212018,126.923298,3,Y,N,N,경보등+경보음,2018,2019-06-30,Y,은평구청 전산정보과,02-351-6383,2019-07-01
388,1,5,갈현2동 521-37,서울특별시 은평구 갈현로19길 18-1,서울특별시 은평구 갈현2동 521-37,37.615635,126.9109562,3,Y,N,N,경보등+경보음,2018,2019-06-30,Y,은평구청 전산정보과,02-351-6383,2019-07-01
389,1,5,신사1동 4-19,서울특별시 은평구 은평로 33-8,서울특별시 은평구 신사1동 4-19,37.5986856,126.911257,3,Y,N,N,경보등+경보음,2018,2019-06-30,Y,은평구청 전산정보과,02-351-6383,2019-07-01
390,1,5,응암3동 596-23,서울특별시 은평구 응암로9길 10-10,서울특별시 은평구 응암3동 596-23,37.587893,126.915608,3,Y,N,N,경보등+경보음,2018,2019-06-30,Y,은평구청 전산정보과,02-351-6383,2019-07-01
391,1,5,응암3동 585-33,서울특별시 은평구 불광천길 388-21,서울특별시 은평구 응암3동 585-33,37.590618,126.915496,3,Y,N,N,경보등+경보음,2018,2019-06-30,Y,은평구청 전산정보과,02-351-6383,2019-07-01
392,1,5,대조동안심마을거리 영상비상벨,서울특별시 은평구 통일로73길 3-7,서울특별시 은평구 대조동 188-15,37.615544,126.924372,3,Y,N,N,경보등+경보음,2018,2019-06-30,Y,은평구청 전산정보과,02-351-6383,2019-07-01
393,1,5,대조동안심마을거리 영상비상벨,서울특별시 은평구 통일로73길 5-11,서울특별시 은평구 대조동 188-27,37.61528425,126.924309,3,Y,N,N,경보등+경보음,2018,2019-06-30,Y,은평구청 전산정보과,02-351-6383,2019-07-01
394,1,5,대조동안심마을거리 영상비상벨,서울특별시 은평구 역말로9길 40-19,서울특별시 은평구 대조동 191-56,37.614869,126.923295,3,Y,N,N,경보등+경보음,2018,2019-06-30,Y,은평구청 전산정보과,02-351-6383,2019-07-01
395,1,5,불광2동 189-3,서울특별시 은평구 불광로 174,서울특별시 은평구 불광2동 189-3,37.6220393,126.93155,3,Y,N,N,경보등+경보음,2018,2019-06-30,Y,은평구청 전산정보과,02-351-6383,2019-07-01
396,1,1,불광2동 23-109,서울특별시 은평구 불광로16길 29 위 수리공원,서울특별시 은평구 불광2동 23-109,37.622241,126.935083,3,Y,N,N,경보등+경보음,2018,2019-06-30,Y,은평구청 공원녹지과,02-351-8007,2019-07-01
397,1,5,불광1동 16-297,서울특별시 은평구 불광로14길 22-19,서울특별시 은평구 불광1동 16-297,37.6206,126.9343874,3,Y,N,N,경보등+경보음,2018,2019-06-30,Y,은평구청 전산정보과,02-351-6383,2019-07-01
398,1,1,불광1동 산35-20,서울특별시 은평구 불광로14길 22-19 위쪽,서울특별시 은평구 불광1동 산35-20,37.620661,126.9348,3,Y,N,N,경보등+경보음,2018,2019-06-30,Y,은평구청 공원녹지과,02-351-8007,2019-07-01
399,1,1,구산동 서오릉 생태다리 1,,서울특별시 은평구 구산동 산130-9,37.619035,126.905547,3,Y,N,N,경보등+경보음,2018,2019-06-30,Y,은평구청 공원녹지과,02-351-8007,2019-07-01
400,1,1,구산동 서오릉 생태다리 2,,서울특별시 은평구 구산동 산130-9,37.619112,126.9058,3,Y,N,N,경보등+경보음,2018,2019-06-30,Y,은평구청 공원녹지과,02-351-8007,2019-07-01
401,1,5,녹번동 217,서울특별시 은평구 은평로 215-1,서울특별시 은평구 녹번동 217,37.601472,126.9317097,3,Y,N,N,경보등+경보음,2018,2019-06-30,Y,은평구청 전산정보과,02-351-6383,2019-07-01
402,1,5,갈현1동 285-204,서울특별시 은평구 갈현로41길 50-2,서울특별시 은평구 갈현1동285-204,37.6264105,126.913027,3,Y,N,N,경보등+경보음,2018,2019-06-30,Y,은평구청 전산정보과,02-351-6383,2019-07-01
403,1,5,불광1동 279-1,서울특별시 은평구 불광로3길 8,서울특별시 은평구 불광1동 279-1,37.6130024,126.9316071,3,Y,N,N,경보등+경보음,2018,2019-06-30,Y,은평구청 전산정보과,02-351-6383,2019-07-01
404,1,5,수색동 368-28,서울특별시 은평구 수색로16길 3-3,서울특별시 은평구 수색동 368-28,37.5827582,126.895381,3,Y,N,N,경보등+경보음,2018,2019-06-30,Y,은평구청 전산정보과,02-351-6383,2019-07-01
405,1,1,응암2동 백련산파크자이 공원내 1,,서울특별시 은평구 응암2동 240-17,37.593192,126.92198,3,Y,N,N,경보등+경보음,2018,2019-06-30,Y,은평구청 공원녹지과,02-351-8007,2019-07-01
406,1,1,응암2동 백련산파크자이 공원내 2,,서울특별시 은평구 응암2동 240-17,37.593272,126.921408,3,Y,N,N,경보등+경보음,2018,2019-06-30,Y,은평구청 공원녹지과,02-351-8007,2019-07-01
407,1,5,진관동 물푸레골 입구,서울특별시 은평구 통일로 1021,서울특별시 은평구 진관동 93-6,37.6432456,126.9158627,3,Y,N,N,경보등+경보음,2018,2019-06-30,Y,은평구청 전산정보과,02-351-6383,2019-07-01
408,1,5,진관동 성모병원 입구,,서울특별시 은평구 진관동 108-9,37.634334,126.915931,3,Y,N,N,경보등+경보음,2018,2019-06-30,Y,은평구청 전산정보과,02-351-6383,2019-07-01
409,1,5,진관동 시연사 입구,,서울특별시 은평구 진관동 110-21,37.634116,126.913087,3,Y,N,N,경보등+경보음,2018,2019-06-30,Y,은평구청 전산정보과,02-351-6383,2019-07-01
410,1,1,응암4동 어린이공원 1,서울특별시 은평구 가좌로7라길 32-3 뒷편,서울특별시 은평구 응암3동 742-9,37.583327,126.916228,3,Y,N,N,경보등+경보음,2019,2019-06-30,Y,은평구청 공원녹지과,02-351-8007,2019-07-01
411,1,1,응암4동 어린이공원 2,서울특별시 은평구 가좌로7라길 32-3 뒷편,서울특별시 은평구 응암3동 742-9,37.583289,126.916031,3,Y,N,N,경보등+경보음,2019,2019-06-30,Y,은평구청 공원녹지과,02-351-8007,2019-07-01
412,1,5,통합관제센터 샘플,서울특별시 은평구 은평로 195,서울특별시 은평구 녹번동 84,37.6024515,126.9293311,3,Y,N,N,경보등+경보음,2010,2019-06-30,Y,은평구청 전산정보과,02-351-6383,2019-07-01
413,1,2,새락골어린이공원,서울특별시 은평구 은평로3가길 34,서울특별시 은평구 신사동 5-21,37.5989141,126.9113115,3,Y,N,N,경보등+경보음,2016,2019-06-30,Y,은평구청 공원녹지과,02-351-8007,2019-07-01
414,1,2,구산동마을공원,서울특별시 은평구 구산동 340-1,서울특별시 은평구 구산동 340-1,37.6147623,126.907901,3,Y,N,N,경보등+경보음,2016,2019-06-30,Y,은평구청 공원녹지과,02-351-8007,2019-07-01
415,1,2,탐골생태공원,서울특별시 은평구 통일로 1079-26,서울특별시 은평구 진관동 387,37.6383622,126.9137953,3,Y,N,N,경보등+경보음,2016,2019-06-30,Y,은평구청 공원녹지과,02-351-8007,2019-07-01
416,1,2,진관근린공원,서울특별시 은평구 진관2로 15-30,서울특별시 은평구 진관동 393,37.63719999,126.9190706,3,Y,N,N,경보등+경보음,2016,2019-06-30,Y,은평구청 공원녹지과,02-351-8007,2019-07-01
417,1,2,기자촌근린공원,서울특별시 은평구 진관동 175-62,서울특별시 은평구 진관동 175-62,37.6334253,126.937324,3,Y,N,N,경보등+경보음,2016,2019-06-30,Y,은평구청 공원녹지과,02-351-8007,2019-07-01
418,1,2,1지구관리사무소,서울특별시 은평구 진관동 15-19,서울특별시 은평구 진관동 15-19,37.6440901,126.9287847,3,Y,N,N,경보등+경보음,2016,2019-06-30,Y,은평구청 공원녹지과,02-351-8007,2019-07-01
419,1,2,진관체육광장,서울특별시 은평구 진관동 246-20,서울특별시 은평구 진관동 246-20,37.629995,126.9165091,3,Y,N,N,경보등+경보음,2016,2019-06-30,Y,은평구청 공원녹지과,02-351-8007,2019-07-01
420,1,2,새록어린이공원,서울특별시 은평구 녹번동 158-1,서울특별시 은평구 녹번동 158-1,37.6039728,126.9237282,3,Y,N,N,경보등+경보음,2016,2019-06-30,Y,은평구청 자원순환과,02-351-7561,2019-07-01
421,1,2,장미약수,서울특별시 은평구 녹번동 산1-55,서울특별시 은평구 녹번동 산1-55,37.6093221,126.934233,3,Y,N,N,경보등+경보음,2016,2019-06-30,Y,은평구청 자원순환과,02-351-7561,2019-07-01
422,1,2,응암어린이공원,서울특별시 은평구 응암동 85-41,서울특별시 은평구 응암동 85-41,37.6016787,126.9235167,3,Y,N,N,경보등+경보음,2016,2019-06-30,Y,은평구청 자원순환과,02-351-7561,2019-07-01
423,1,2,백련근린공원,서울특별시 은평구 응암동 산 6-48,서울특별시 은평구 응암동 산 6-48,37.5942926,126.926544,3,Y,N,N,경보등+경보음,2016,2019-06-30,Y,은평구청 자원순환과,02-351-7561,2019-07-01
424,1,2,포수동어린이공원,서울특별시 은평구 응암동 115-25,서울특별시 은평구 응암동 115-25,37.598101,126.9195014,3,Y,N,N,경보등+경보음,2016,2019-06-30,Y,은평구청 자원순환과,02-351-7561,2019-07-01
425,1,2,참다래어린이공원,서울특별시 은평구 응암동 120-22,서울특별시 은평구 응암동 120-22,37.59529922,126.9173738,3,Y,N,N,경보등+경보음,2016,2019-06-30,Y,은평구청 자원순환과,02-351-7561,2019-07-01
426,1,2,불광사입구시범,서울특별시 은평구 불광동 산 1-13,서울특별시 은평구 불광동 산 1-13,37.62299635,126.9358814,3,Y,N,N,경보등+경보음,2017,2019-06-30,Y,은평구청 자원순환과,02-351-7561,2019-07-01
427,1,2,새장골어린이공원,서울특별시 은평구 불광동 444-1,서울특별시 은평구 불광동 444-1,37.6250917,126.9261777,3,Y,N,N,경보등+경보음,2016,2019-06-30,Y,은평구청 자원순환과,02-351-7561,2019-07-01
428,1,2,구현초마을마당,서울특별시 은평구 구산동 산 41-5,서울특별시 은평구 구산동 산 41-5,37.608892,126.9067285,3,Y,N,N,경보등+경보음,2016,2019-06-30,Y,은평구청 자원순환과,02-351-7561,2019-07-01
429,1,2,서갈현어린이공원,서울특별시 은평구 갈현동 434-38,서울특별시 은평구 갈현동 434-38,37.62137632,126.9157072,3,Y,N,N,경보등+경보음,2016,2019-06-30,Y,은평구청 자원순환과,02-351-7561,2019-07-01
430,1,2,박석어린이공원,서울특별시 은평구 갈현동 416-3,서울특별시 은평구 갈현동 416-3,37.62508308,126.9184392,3,Y,N,N,경보등+경보음,2016,2019-06-30,Y,은평구청 자원순환과,02-351-7561,2019-07-01
431,1,2,갈곡리어린이공원,서울특별시 은평구 갈현동 436-51,서울특별시 은평구 갈현동 436-51,37.62388891,126.9166281,3,Y,N,N,경보등+경보음,2016,2019-06-30,Y,은평구청 자원순환과,02-351-7561,2019-07-01
432,1,2,좌월어린이공원,서울특별시 은평구 갈현동 513-1,서울특별시 은평구 갈현동 513-1,37.6172646,126.9132946,3,Y,N,N,경보등+경보음,2016,2019-06-30,Y,은평구청 자원순환과,02-351-7561,2019-07-01
433,1,2,길마어린이공원,서울특별시 은평구 갈현동 474-1,서울특별시 은평구 갈현동 474-1,37.614689,126.9156847,3,Y,N,N,경보등+경보음,2016,2019-06-30,Y,은평구청 자원순환과,02-351-7561,2019-07-01
434,1,2,대조어린이공원,서울특별시 은평구 대조동 212,서울특별시 은평구 대조동 212,37.6153227,126.9197452,3,Y,N,N,경보등+경보음,2016,2019-06-30,Y,은평구청 자원순환과,02-351-7561,2019-07-01
435,1,2,연서어린이공원,서울특별시 은평구 역촌동 32-36,서울특별시 은평구 역촌동 32-36,37.6040982,126.9166505,3,Y,N,N,경보등+경보음,2016,2019-06-30,Y,은평구청 자원순환과,02-351-7561,2019-07-01
436,1,2,역마을어린이공원,서울특별시 은평구 역촌동 39-2,서울특별시 은평구 역촌동 39-2,37.60118182,126.9186737,3,Y,N,N,경보등+경보음,2016,2019-06-30,Y,은평구청 자원순환과,02-351-7561,2019-07-01
437,1,2,역말어린이공원,서울특별시 은평구 역촌동 47-1,서울특별시 은평구 역촌동 47-1,37.6068764,126.9142375,3,Y,N,N,경보등+경보음,2016,2019-06-30,Y,은평구청 자원순환과,02-351-7561,2019-07-01
438,1,2,신흥어린이공원,서울특별시 은평구 신사동 31-2,서울특별시 은평구 신사동 31-2,37.5959457,126.9119537,3,Y,N,N,경보등+경보음,2016,2019-06-30,Y,은평구청 자원순환과,02-351-7561,2019-07-01
439,1,2,시루뫼어린이공원,서울특별시 은평구 증산동 185-1,서울특별시 은평구 증산동 185-1,37.5829941,126.9065594,3,Y,N,N,경보등+경보음,2016,2019-06-30,Y,은평구청 자원순환과,02-351-7561,2019-07-01
440,1,2,분토골어린이공원,서울특별시 은평구 증산동 163-34,서울특별시 은평구 증산동 163-34,37.58683316,126.9118779,3,Y,N,N,경보등+경보음,2016,2019-06-30,Y,은평구청 자원순환과,02-351-7561,2019-07-01
441,1,2,생활체육광장,서울특별시 은평구 증산동 산 18-6,서울특별시 은평구 증산동 산 18-6,37.5843135,126.9032884,3,Y,N,N,경보등+경보음,2016,2019-06-30,Y,은평구청 자원순환과,02-351-7561,2019-07-01
442,1,2,은평구상징녹지대,서울특별시 은평구 진관동 44,서울특별시 은평구 진관동 44,37.6452693,126.9213434,3,Y,N,N,경보등+경보음,2017,2019-06-30,Y,은평구청 자원순환과,02-351-7561,2019-07-01
443,1,2,진관사입구,서울특별시 은평구 진관동 125-22,서울특별시 은평구 진관동 125-22,37.64118544,126.9428679,3,Y,N,N,경보등+경보음,2017,2019-06-30,Y,은평구청 자원순환과,02-351-7561,2019-07-01
444,1,2,녹번서근린공원,서울특별시 은평구 녹번동 85-1,서울특별시 은평구 녹번동 85-1,37.6036688,126.9272479,3,Y,N,N,경보등+경보음,2016,2019-06-30,Y,은평구청 자원순환과,02-351-7561,2019-07-01
445,1,2,불광천 응암,서울특별시 은평구 응암동 122-20,서울특별시 은평구 응암동 122-20,37.596344,126.9153836,3,Y,N,N,경보등+경보음,2017,2019-06-30,Y,은평구청 자원순환과,02-351-7561,2019-07-01
446,1,2,불광천 증산,서울특별시 은평구 응암동 177-24,서울특별시 은평구 응암동 177-24,37.6000591,126.9294129,3,Y,N,N,경보등+경보음,2017,2019-06-30,Y,은평구청 자원순환과,02-351-7561,2019-07-01
447,1,2,장미(빗물저류조),서울특별시 은평구 녹번동 산 1-55,서울특별시 은평구 녹번동 산 1-55,37.6093221,126.934233,3,Y,N,N,경보등+경보음,2017,2019-06-30,Y,은평구청 자원순환과,02-351-7561,2019-07-01
448,1,2,구산중,서울특별시 은평구 구산동 산 34,서울특별시 은평구 구산동 산 34,37.6093615,126.9089755,3,Y,N,N,경보등+경보음,2017,2019-06-30,Y,은평구청 자원순환과,02-351-7561,2019-07-01
449,1,2,갈현근린공원,서울특별시 은평구 진관동 163-22,서울특별시 은평구 진관동 163-22,37.6308013,126.9278357,3,Y,N,N,경보등+경보음,2016,2019-06-30,Y,은평구청 자원순환과,02-351-7561,2019-07-01
450,1,2,불광천 신응교,서울특별시 은평구 신사동 35-20,서울특별시 은평구 신사동 35-20,37.5930798,126.9138344,3,Y,N,N,경보등+경보음,2017,2019-06-30,Y,은평구청 자원순환과,02-351-7561,2019-07-01
